input_file, Read, PC, PCSA, HLL, KMV, MC, RC
datasets/crusoe.txt, 0.00190585, 0.00235603, 0.00236907, 0.00242777, 0.0684241, 0.00318891, 0.0261653
datasets/crusoe.txt, 0.00190842, 0.00232177, 0.00243136, 0.00245457, 0.0611105, 0.00310097, 0.0270061
datasets/crusoe.txt, 0.00207136, 0.00273304, 0.00250097, 0.00263215, 0.0702534, 0.00314246, 0.0264583
datasets/crusoe.txt, 0.00191002, 0.00232147, 0.0024011, 0.00244162, 0.0682405, 0.00308482, 0.0255131
datasets/crusoe.txt, 0.00210683, 0.00245855, 0.00263386, 0.00255812, 0.0665879, 0.00312971, 0.0264804
datasets/crusoe.txt, 0.00217662, 0.00231797, 0.00232011, 0.00242084, 0.0660384, 0.00303733, 0.026875
datasets/crusoe.txt, 0.00192628, 0.00231828, 0.00236095, 0.00241794, 0.0638927, 0.00317303, 0.0263305
datasets/crusoe.txt, 0.00193892, 0.00235416, 0.0024497, 0.00242023, 0.0672999, 0.00313695, 0.0267392
datasets/crusoe.txt, 0.00196571, 0.00228117, 0.00238132, 0.00243789, 0.0702875, 0.00314635, 0.0271247
datasets/crusoe.txt, 0.0019314, 0.00234861, 0.00243076, 0.00264047, 0.0682373, 0.00311395, 0.0274448
datasets/crusoe.txt, 0.00211304, 0.00264235, 0.00244346, 0.00249476, 0.0755693, 0.00312642, 0.0258507
datasets/crusoe.txt, 0.00190478, 0.00234433, 0.00257846, 0.00264393, 0.0684388, 0.00318761, 0.0267517
datasets/crusoe.txt, 0.00198204, 0.0023074, 0.0023029, 0.00242999, 0.0666506, 0.00338773, 0.0270083
datasets/crusoe.txt, 0.00193218, 0.00224907, 0.00236599, 0.00255296, 0.0655669, 0.00316716, 0.0253585
datasets/crusoe.txt, 0.00192405, 0.00231979, 0.0027696, 0.00277305, 0.0667756, 0.00307434, 0.0265872
datasets/crusoe.txt, 0.00206466, 0.0023145, 0.00237922, 0.00247237, 0.066922, 0.00325566, 0.0266123
datasets/crusoe.txt, 0.00208592, 0.00231514, 0.00245762, 0.00246848, 0.0673335, 0.00310007, 0.0266221
datasets/crusoe.txt, 0.00191458, 0.00242115, 0.00257818, 0.00246315, 0.0661009, 0.00308255, 0.0260083
datasets/crusoe.txt, 0.00195233, 0.00236015, 0.00237561, 0.0023708, 0.0700615, 0.003299, 0.0255504
datasets/crusoe.txt, 0.00209674, 0.00242385, 0.00240783, 0.00245771, 0.0656957, 0.00310493, 0.0268795
datasets/crusoe.txt, 0.00190341, 0.00243699, 0.00246651, 0.00249069, 0.0666028, 0.00316327, 0.0276791
datasets/crusoe.txt, 0.00204267, 0.00245705, 0.0025941, 0.00250341, 0.0693826, 0.00304747, 0.0262974
datasets/crusoe.txt, 0.00202607, 0.00280637, 0.00252866, 0.00242982, 0.0677304, 0.00312636, 0.0275351
datasets/crusoe.txt, 0.00194354, 0.00231921, 0.00248454, 0.00262294, 0.0642202, 0.00309821, 0.0264309
datasets/crusoe.txt, 0.00196834, 0.00227761, 0.00232325, 0.00245995, 0.067389, 0.00305928, 0.0272562
datasets/crusoe.txt, 0.00189522, 0.00235215, 0.00238622, 0.00239055, 0.0671466, 0.00336619, 0.0271018
datasets/crusoe.txt, 0.00195592, 0.00236943, 0.0024313, 0.00243516, 0.069845, 0.00305666, 0.0259975
datasets/crusoe.txt, 0.00193034, 0.00230667, 0.002392, 0.00250171, 0.0694404, 0.00315051, 0.0267729
datasets/crusoe.txt, 0.00228182, 0.0023257, 0.00240306, 0.00235039, 0.0648988, 0.0031015, 0.0274564
datasets/crusoe.txt, 0.00193507, 0.00230467, 0.00233638, 0.0025553, 0.0707577, 0.00308673, 0.0275136
datasets/crusoe.txt, 0.00191297, 0.00230243, 0.00238371, 0.00238556, 0.0726714, 0.00310462, 0.0266053
datasets/crusoe.txt, 0.00196562, 0.00304248, 0.00245108, 0.00255776, 0.0682649, 0.00305038, 0.0270127
datasets/crusoe.txt, 0.00189162, 0.00229024, 0.00308017, 0.00259325, 0.0671771, 0.0030836, 0.0278951
datasets/crusoe.txt, 0.00199475, 0.00229108, 0.00244715, 0.00247189, 0.0684635, 0.00310599, 0.027718
datasets/crusoe.txt, 0.00186743, 0.00226273, 0.0023898, 0.00262825, 0.0708267, 0.00313705, 0.0266576
datasets/crusoe.txt, 0.00194863, 0.00231342, 0.00242405, 0.00320913, 0.067229, 0.0036811, 0.0268926
datasets/crusoe.txt, 0.00264615, 0.00242097, 0.00253814, 0.0026055, 0.0665657, 0.00300711, 0.0266176
datasets/crusoe.txt, 0.00207532, 0.00228429, 0.0025358, 0.00245901, 0.0688327, 0.00303982, 0.0271549
datasets/crusoe.txt, 0.00186916, 0.00226641, 0.00278868, 0.00244487, 0.0697194, 0.00300358, 0.0264
datasets/crusoe.txt, 0.00194722, 0.00246034, 0.00286435, 0.00246585, 0.0680896, 0.00309952, 0.0274614
datasets/crusoe.txt, 0.00194043, 0.00232456, 0.00235292, 0.00301599, 0.0634353, 0.00306972, 0.0281745
datasets/crusoe.txt, 0.00200271, 0.00228243, 0.00258502, 0.00250617, 0.0691065, 0.00313094, 0.0279645
datasets/crusoe.txt, 0.00198821, 0.0025036, 0.00239195, 0.00238202, 0.068525, 0.0031311, 0.0254966
datasets/crusoe.txt, 0.0019264, 0.00302489, 0.00258839, 0.00242987, 0.0697855, 0.00325763, 0.0264751
datasets/crusoe.txt, 0.00191987, 0.00238331, 0.00232586, 0.00297615, 0.0674566, 0.00310753, 0.0266162
datasets/crusoe.txt, 0.00240352, 0.00240304, 0.00246568, 0.00247604, 0.0692041, 0.00322372, 0.0269798
datasets/crusoe.txt, 0.00299505, 0.0023079, 0.00244291, 0.00236052, 0.0737442, 0.00294051, 0.027528
datasets/crusoe.txt, 0.00184317, 0.0024018, 0.00299, 0.00251053, 0.0686617, 0.00315745, 0.0272716
datasets/crusoe.txt, 0.00197946, 0.00234313, 0.0024629, 0.00251703, 0.0697383, 0.00300841, 0.0272948
datasets/crusoe.txt, 0.0019395, 0.00228477, 0.0023204, 0.00260356, 0.0671015, 0.0038124, 0.0275473
datasets/crusoe.txt, 0.00247775, 0.00234951, 0.00234335, 0.00249093, 0.0708164, 0.00307946, 0.0296511
datasets/crusoe.txt, 0.00206402, 0.0023202, 0.00257145, 0.00250297, 0.0653825, 0.0034951, 0.0269095
datasets/crusoe.txt, 0.00192023, 0.00236035, 0.00238506, 0.00249302, 0.0668939, 0.00309181, 0.0277033
datasets/crusoe.txt, 0.00201885, 0.00226919, 0.00306238, 0.00244885, 0.0683276, 0.00308364, 0.0266474
datasets/crusoe.txt, 0.00193947, 0.00225441, 0.00287523, 0.00285664, 0.0704214, 0.00311826, 0.0260014
datasets/crusoe.txt, 0.00194085, 0.0023688, 0.00239552, 0.0024297, 0.0668132, 0.0034327, 0.0278657
datasets/crusoe.txt, 0.00202753, 0.00246366, 0.00232385, 0.00244539, 0.0691083, 0.00383128, 0.0271781
datasets/crusoe.txt, 0.00199648, 0.00235762, 0.0024434, 0.00242364, 0.067412, 0.00319131, 0.0278362
datasets/crusoe.txt, 0.00203005, 0.00245403, 0.00234138, 0.00257238, 0.0635504, 0.00305353, 0.0275519
datasets/crusoe.txt, 0.00191887, 0.00231994, 0.00236301, 0.00243894, 0.0712321, 0.00309301, 0.0266489
datasets/crusoe.txt, 0.00191724, 0.00231411, 0.00241481, 0.00346552, 0.0676526, 0.00351133, 0.0254046
datasets/crusoe.txt, 0.00193237, 0.00231177, 0.00246663, 0.00250076, 0.0680134, 0.00303554, 0.0277943
datasets/crusoe.txt, 0.00199702, 0.00316368, 0.00239857, 0.00246604, 0.0702812, 0.0035368, 0.0265588
datasets/crusoe.txt, 0.00212233, 0.00252378, 0.00239578, 0.00241247, 0.0666077, 0.00308085, 0.0273545
datasets/crusoe.txt, 0.00192319, 0.00228148, 0.00235594, 0.00246558, 0.067967, 0.00306608, 0.0261048
datasets/crusoe.txt, 0.00188553, 0.00228013, 0.00240144, 0.00263671, 0.0716776, 0.00318145, 0.0270313
datasets/crusoe.txt, 0.00201492, 0.00234616, 0.00242794, 0.00242414, 0.0709967, 0.00328379, 0.0262118
datasets/crusoe.txt, 0.00192317, 0.00234656, 0.0023913, 0.00352075, 0.0691629, 0.00312497, 0.027207
datasets/crusoe.txt, 0.00189094, 0.00238126, 0.0025101, 0.00250538, 0.0668107, 0.00363977, 0.0254487
datasets/crusoe.txt, 0.00190406, 0.002377, 0.00251299, 0.0025082, 0.0687401, 0.00337734, 0.0257267
datasets/crusoe.txt, 0.00197774, 0.00226637, 0.00283267, 0.00240658, 0.0689662, 0.00309118, 0.0271995
datasets/crusoe.txt, 0.00199631, 0.00227043, 0.00226379, 0.00243986, 0.0668175, 0.00378917, 0.0266029
datasets/crusoe.txt, 0.00204233, 0.00235216, 0.00235424, 0.00246203, 0.068228, 0.00337506, 0.0258209
datasets/crusoe.txt, 0.00191276, 0.00232932, 0.00230118, 0.00240049, 0.0702792, 0.00312149, 0.0282553
datasets/crusoe.txt, 0.00198033, 0.00357808, 0.00240067, 0.00242737, 0.0686149, 0.00312865, 0.0267386
datasets/crusoe.txt, 0.00186697, 0.00247722, 0.00242155, 0.00252836, 0.0699795, 0.00310602, 0.0273581
datasets/crusoe.txt, 0.00205195, 0.00291054, 0.00237631, 0.00257391, 0.0650611, 0.00306264, 0.0272719
datasets/crusoe.txt, 0.00188282, 0.00224158, 0.00233104, 0.00304251, 0.0715832, 0.00309416, 0.0286353
datasets/crusoe.txt, 0.00193467, 0.00239254, 0.00251527, 0.00249061, 0.0631927, 0.0034453, 0.0264344
datasets/crusoe.txt, 0.00191102, 0.00245546, 0.00255347, 0.00248826, 0.0638114, 0.00307791, 0.0275278
datasets/crusoe.txt, 0.00191967, 0.00238249, 0.00234104, 0.00254395, 0.0687796, 0.00413454, 0.0261398
datasets/crusoe.txt, 0.00211186, 0.00240069, 0.00238404, 0.00244144, 0.0696521, 0.00316147, 0.0266362
datasets/crusoe.txt, 0.00193585, 0.00238114, 0.00236414, 0.00242116, 0.0653266, 0.00307758, 0.0265662
datasets/crusoe.txt, 0.00195788, 0.0024077, 0.00237643, 0.00242312, 0.0674037, 0.0031326, 0.0254741
datasets/crusoe.txt, 0.00217403, 0.00235374, 0.00235107, 0.0024513, 0.0655582, 0.00314092, 0.0269889
datasets/crusoe.txt, 0.00188701, 0.00229475, 0.00267427, 0.00248362, 0.0650349, 0.00409435, 0.0270943
datasets/crusoe.txt, 0.00194356, 0.00234164, 0.00236898, 0.00240126, 0.0689609, 0.0032141, 0.0264259
datasets/crusoe.txt, 0.0018725, 0.00265372, 0.00248044, 0.00254813, 0.0641356, 0.00294344, 0.0274232
datasets/crusoe.txt, 0.00189411, 0.00230772, 0.0023893, 0.00278279, 0.0674638, 0.00324047, 0.0263083
datasets/crusoe.txt, 0.00292739, 0.00234916, 0.00243137, 0.00240804, 0.0694737, 0.00331905, 0.0273006
datasets/crusoe.txt, 0.00205465, 0.0023927, 0.00258449, 0.00254454, 0.0663728, 0.00307213, 0.0262312
datasets/crusoe.txt, 0.00194778, 0.00236656, 0.00273459, 0.00253207, 0.0667014, 0.00305804, 0.0271056
datasets/crusoe.txt, 0.00197289, 0.00235572, 0.00239556, 0.00250601, 0.0684583, 0.00326801, 0.0262523
datasets/crusoe.txt, 0.0021688, 0.00265057, 0.0023344, 0.00239976, 0.0666559, 0.0030902, 0.026964
datasets/crusoe.txt, 0.00192351, 0.00231406, 0.00240881, 0.00254176, 0.0665501, 0.0032189, 0.0267758
datasets/crusoe.txt, 0.00187239, 0.00228097, 0.00236141, 0.0023813, 0.0633818, 0.00313545, 0.0266522
datasets/crusoe.txt, 0.00194041, 0.00232701, 0.00237477, 0.00270056, 0.0685691, 0.00306468, 0.0250981
datasets/crusoe.txt, 0.00222319, 0.00233679, 0.0023735, 0.00249641, 0.0661389, 0.00301126, 0.026895
datasets/crusoe.txt, 0.00192445, 0.00240101, 0.00284126, 0.00248774, 0.061544, 0.00307496, 0.027146
datasets/crusoe.txt, 0.00209506, 0.00254728, 0.00248579, 0.00240567, 0.0653302, 0.00308536, 0.0265041
datasets/dracula.txt, 0.00252592, 0.00310292, 0.00321775, 0.00327413, 0.100244, 0.00404468, 0.0368295
datasets/dracula.txt, 0.00273795, 0.00317245, 0.00315338, 0.00327553, 0.0955925, 0.00413707, 0.0384649
datasets/dracula.txt, 0.00279973, 0.00360984, 0.00318413, 0.00342601, 0.0971068, 0.00409274, 0.0374771
datasets/dracula.txt, 0.00302445, 0.00311208, 0.00332618, 0.00344251, 0.0999632, 0.00416864, 0.0373437
datasets/dracula.txt, 0.00250514, 0.00350081, 0.00374248, 0.00315339, 0.0982054, 0.00413592, 0.0369994
datasets/dracula.txt, 0.00251133, 0.00344864, 0.00314489, 0.00325066, 0.0977118, 0.00457291, 0.0385391
datasets/dracula.txt, 0.00267621, 0.00313982, 0.00323635, 0.00438728, 0.100309, 0.00407301, 0.0382968
datasets/dracula.txt, 0.00260024, 0.00375012, 0.00334457, 0.00318212, 0.0978847, 0.00452534, 0.0374146
datasets/dracula.txt, 0.00295474, 0.00312206, 0.00330875, 0.00349196, 0.0974368, 0.00469128, 0.0391948
datasets/dracula.txt, 0.00247874, 0.00297667, 0.00378044, 0.00332911, 0.0976351, 0.00410337, 0.0397974
datasets/dracula.txt, 0.0028153, 0.00304582, 0.00316341, 0.00327317, 0.0999944, 0.00416679, 0.0386664
datasets/dracula.txt, 0.00247675, 0.00320586, 0.00365632, 0.00328961, 0.0987641, 0.00428948, 0.037807
datasets/dracula.txt, 0.00273886, 0.00317129, 0.00311646, 0.00323504, 0.0986563, 0.00465295, 0.0379351
datasets/dracula.txt, 0.00260791, 0.00315213, 0.00329127, 0.00380849, 0.0987514, 0.00401346, 0.0386611
datasets/dracula.txt, 0.00255148, 0.0037447, 0.00323811, 0.00323533, 0.096792, 0.0040412, 0.0391113
datasets/dracula.txt, 0.00374013, 0.00306845, 0.00314962, 0.00329904, 0.100002, 0.00401574, 0.0364928
datasets/dracula.txt, 0.00257246, 0.00318544, 0.00383883, 0.00405148, 0.0869844, 0.00406521, 0.0383
datasets/dracula.txt, 0.00277486, 0.00363748, 0.00320609, 0.00339555, 0.0930142, 0.00405278, 0.0369227
datasets/dracula.txt, 0.00251802, 0.00323805, 0.00306927, 0.00318671, 0.0898495, 0.00401684, 0.0369185
datasets/dracula.txt, 0.00248554, 0.00311248, 0.00309053, 0.00317602, 0.0886852, 0.00396661, 0.0370194
datasets/dracula.txt, 0.00254287, 0.00305527, 0.0036252, 0.00317262, 0.0935879, 0.00408234, 0.0363888
datasets/dracula.txt, 0.00256, 0.00305909, 0.00316482, 0.00317015, 0.0935067, 0.00414723, 0.0385984
datasets/dracula.txt, 0.00261351, 0.00306843, 0.00324274, 0.00349487, 0.092723, 0.00412341, 0.0363835
datasets/dracula.txt, 0.00266517, 0.00301647, 0.00311235, 0.0043312, 0.0931177, 0.00400315, 0.0369656
datasets/dracula.txt, 0.00258736, 0.00302583, 0.00341603, 0.00313424, 0.088509, 0.00400959, 0.0360854
datasets/dracula.txt, 0.00248851, 0.00308815, 0.00403756, 0.00315057, 0.0931201, 0.00402185, 0.0355978
datasets/dracula.txt, 0.00250647, 0.00306401, 0.00324628, 0.00328628, 0.0964509, 0.00417943, 0.0374449
datasets/dracula.txt, 0.00255436, 0.00301656, 0.00336957, 0.00347946, 0.0932646, 0.0041517, 0.0364409
datasets/dracula.txt, 0.0026271, 0.00303798, 0.00314552, 0.0031419, 0.0880766, 0.00475275, 0.0397028
datasets/dracula.txt, 0.00253107, 0.00310621, 0.00325827, 0.00335272, 0.0921073, 0.00482164, 0.0356969
datasets/dracula.txt, 0.00257731, 0.00304308, 0.00313356, 0.00314665, 0.0945411, 0.00403402, 0.0357622
datasets/dracula.txt, 0.00254747, 0.00312949, 0.00312957, 0.00310581, 0.0929349, 0.00412028, 0.0361271
datasets/dracula.txt, 0.00250349, 0.00307066, 0.00308104, 0.00319551, 0.0918131, 0.00403026, 0.0374457
datasets/dracula.txt, 0.00252958, 0.00301886, 0.0030911, 0.00321913, 0.0936743, 0.00411075, 0.0361498
datasets/dracula.txt, 0.00249539, 0.00315214, 0.00312996, 0.00322425, 0.0929645, 0.00411581, 0.0380716
datasets/dracula.txt, 0.00258784, 0.0030529, 0.00308812, 0.00314845, 0.0943507, 0.00407653, 0.035896
datasets/dracula.txt, 0.00247363, 0.00308179, 0.00330091, 0.00329541, 0.0882931, 0.0040615, 0.0354634
datasets/dracula.txt, 0.00249716, 0.00299814, 0.00317131, 0.00317704, 0.0918949, 0.00408996, 0.0370839
datasets/dracula.txt, 0.0025136, 0.00325583, 0.00317386, 0.00323596, 0.0911789, 0.00399208, 0.0370998
datasets/dracula.txt, 0.00254411, 0.00313362, 0.00318509, 0.0032406, 0.0948988, 0.00421765, 0.036153
datasets/dracula.txt, 0.00257812, 0.00311581, 0.00334498, 0.00335421, 0.0874201, 0.00404182, 0.0381463
datasets/dracula.txt, 0.00250822, 0.0032209, 0.00319567, 0.00319239, 0.0950255, 0.00404941, 0.0372048
datasets/dracula.txt, 0.00246782, 0.00311122, 0.0032356, 0.00331089, 0.0946008, 0.0041527, 0.0360024
datasets/dracula.txt, 0.00250423, 0.00309531, 0.00321946, 0.00322293, 0.0944634, 0.00413422, 0.0373721
datasets/dracula.txt, 0.00253453, 0.00334942, 0.0031091, 0.00317819, 0.093768, 0.00419955, 0.0365983
datasets/dracula.txt, 0.00254341, 0.00311826, 0.00335982, 0.00318131, 0.0912169, 0.00406081, 0.0351266
datasets/dracula.txt, 0.00257405, 0.0030831, 0.00337914, 0.00337891, 0.0951574, 0.00405874, 0.0369649
datasets/dracula.txt, 0.00252809, 0.00303266, 0.00322102, 0.00323114, 0.0921068, 0.00420401, 0.0354522
datasets/dracula.txt, 0.00251909, 0.00315282, 0.00318537, 0.00327495, 0.0950411, 0.00403338, 0.036216
datasets/dracula.txt, 0.00263998, 0.00306339, 0.00308161, 0.0032491, 0.090402, 0.00401041, 0.0366956
datasets/dracula.txt, 0.00257493, 0.00313731, 0.00314165, 0.00323648, 0.0945706, 0.00396138, 0.0362163
datasets/dracula.txt, 0.00253968, 0.00303766, 0.00327198, 0.0032638, 0.0937247, 0.00399528, 0.0367171
datasets/dracula.txt, 0.00256031, 0.00320017, 0.00318034, 0.00321726, 0.095177, 0.00401785, 0.0346025
datasets/dracula.txt, 0.00245678, 0.00300953, 0.00314033, 0.00332018, 0.0931734, 0.00427285, 0.0360898
datasets/dracula.txt, 0.00253952, 0.00307996, 0.00322807, 0.00337168, 0.0935784, 0.00404073, 0.0367555
datasets/dracula.txt, 0.00269399, 0.00311238, 0.00322116, 0.00335801, 0.0947051, 0.00409038, 0.0369317
datasets/dracula.txt, 0.00257245, 0.0030818, 0.00310698, 0.00316777, 0.0937891, 0.00401458, 0.036544
datasets/dracula.txt, 0.00262903, 0.00314487, 0.00319052, 0.00324303, 0.0938186, 0.00409122, 0.0373444
datasets/dracula.txt, 0.00250266, 0.00310888, 0.00331501, 0.00329465, 0.094096, 0.00416382, 0.0330674
datasets/dracula.txt, 0.00257399, 0.00303794, 0.00313896, 0.00318407, 0.0923678, 0.00396032, 0.0379314
datasets/dracula.txt, 0.00263321, 0.00310763, 0.00325382, 0.00324065, 0.0911839, 0.00407649, 0.0362486
datasets/dracula.txt, 0.00252037, 0.00303499, 0.00333797, 0.00334319, 0.0962468, 0.00414645, 0.0379987
datasets/dracula.txt, 0.0026978, 0.00316933, 0.00330185, 0.00342065, 0.0950257, 0.00401381, 0.0359835
datasets/dracula.txt, 0.00258113, 0.00299638, 0.00313328, 0.0031719, 0.0871261, 0.00408991, 0.0371789
datasets/dracula.txt, 0.00249729, 0.00333171, 0.00319806, 0.00309862, 0.0927305, 0.00422744, 0.0357971
datasets/dracula.txt, 0.0025701, 0.00322887, 0.00337913, 0.00343581, 0.0869325, 0.00405776, 0.037674
datasets/dracula.txt, 0.00263991, 0.00307305, 0.0032399, 0.00336148, 0.0938689, 0.00433332, 0.0365069
datasets/dracula.txt, 0.00252312, 0.00307663, 0.0031204, 0.00312377, 0.0880661, 0.00399698, 0.0376295
datasets/dracula.txt, 0.00252767, 0.00324663, 0.00312818, 0.00318149, 0.0923307, 0.00404629, 0.036658
datasets/dracula.txt, 0.00252549, 0.00309727, 0.00319963, 0.00330664, 0.0950262, 0.00409529, 0.0370732
datasets/dracula.txt, 0.00246527, 0.0031642, 0.00322918, 0.00336855, 0.0942939, 0.00409225, 0.0364639
datasets/dracula.txt, 0.00251255, 0.00303526, 0.0031126, 0.00316309, 0.0920025, 0.0041165, 0.0370728
datasets/dracula.txt, 0.00254943, 0.00312172, 0.00315923, 0.00329854, 0.0937664, 0.00414252, 0.0368179
datasets/dracula.txt, 0.00255352, 0.00300222, 0.00307171, 0.00331359, 0.0910274, 0.00415287, 0.03695
datasets/dracula.txt, 0.00261904, 0.00315782, 0.00321617, 0.00323072, 0.092481, 0.00418527, 0.0363425
datasets/dracula.txt, 0.00247183, 0.0031278, 0.00306087, 0.00317606, 0.090088, 0.00416229, 0.036995
datasets/dracula.txt, 0.00259829, 0.00324376, 0.00325209, 0.0034338, 0.0934924, 0.00403862, 0.0356754
datasets/dracula.txt, 0.00256941, 0.00308859, 0.00307143, 0.00324664, 0.0893795, 0.00414397, 0.0347682
datasets/dracula.txt, 0.00247755, 0.00303231, 0.0031243, 0.00314779, 0.0937036, 0.00421102, 0.0355545
datasets/dracula.txt, 0.0024828, 0.00300625, 0.00313484, 0.00314169, 0.0914375, 0.00409448, 0.0373802
datasets/dracula.txt, 0.00262192, 0.00314451, 0.00320602, 0.00357566, 0.0945262, 0.00403487, 0.0367446
datasets/dracula.txt, 0.00250792, 0.00309493, 0.00334294, 0.00326895, 0.0905271, 0.00403573, 0.0371058
datasets/dracula.txt, 0.00271576, 0.00318285, 0.00323034, 0.00322012, 0.094325, 0.00414635, 0.0363157
datasets/dracula.txt, 0.00268888, 0.00308099, 0.00321313, 0.00340617, 0.0949916, 0.00414442, 0.0366066
datasets/dracula.txt, 0.00259461, 0.00307094, 0.00341117, 0.00348343, 0.089373, 0.00398577, 0.0372728
datasets/dracula.txt, 0.00265831, 0.00309555, 0.00312692, 0.0032232, 0.0922075, 0.00426648, 0.0372672
datasets/dracula.txt, 0.00251659, 0.00296797, 0.00339497, 0.00336956, 0.0926941, 0.00397867, 0.0376806
datasets/dracula.txt, 0.00261467, 0.00321595, 0.0032066, 0.00327712, 0.0945892, 0.00412266, 0.0375735
datasets/dracula.txt, 0.00254247, 0.0031018, 0.00351319, 0.0031753, 0.09389, 0.00403713, 0.0364517
datasets/dracula.txt, 0.00253201, 0.00305975, 0.00311687, 0.00317691, 0.0921756, 0.00400991, 0.0374772
datasets/dracula.txt, 0.00276495, 0.00331591, 0.00315272, 0.00328931, 0.0905049, 0.00419657, 0.0376862
datasets/dracula.txt, 0.00249079, 0.00329906, 0.00310974, 0.00318276, 0.0909146, 0.00407635, 0.0373675
datasets/dracula.txt, 0.00255454, 0.00311269, 0.00338009, 0.00327525, 0.0929049, 0.00411603, 0.0363444
datasets/dracula.txt, 0.00268369, 0.00323098, 0.00308251, 0.00315671, 0.0926448, 0.00413973, 0.0358204
datasets/dracula.txt, 0.0025284, 0.00305986, 0.0031466, 0.00335897, 0.0937177, 0.004123, 0.0364556
datasets/dracula.txt, 0.0024818, 0.0031846, 0.00318208, 0.00325417, 0.0937501, 0.00403288, 0.0369904
datasets/dracula.txt, 0.00259891, 0.0031078, 0.00313802, 0.00325224, 0.098724, 0.00407256, 0.0369043
datasets/dracula.txt, 0.00257655, 0.00322886, 0.00317333, 0.003298, 0.0933823, 0.00399748, 0.0370872
datasets/dracula.txt, 0.00255333, 0.00312267, 0.00333469, 0.00344343, 0.0929035, 0.00409597, 0.0358625
datasets/dracula.txt, 0.00249668, 0.00305692, 0.00397069, 0.00321329, 0.0940276, 0.00404196, 0.0367163
datasets/iliad.txt, 0.00265673, 0.00310676, 0.0032147, 0.003232, 0.0948422, 0.00410968, 0.0379241
datasets/iliad.txt, 0.00250556, 0.00312086, 0.00317171, 0.00331241, 0.0954531, 0.00409192, 0.0372379
datasets/iliad.txt, 0.00266298, 0.00312691, 0.00315115, 0.00309838, 0.0931576, 0.00407185, 0.0368232
datasets/iliad.txt, 0.00258699, 0.00330277, 0.00319554, 0.00330491, 0.0933845, 0.0041567, 0.0372417
datasets/iliad.txt, 0.00256798, 0.00308216, 0.00323795, 0.00326014, 0.0938953, 0.00409657, 0.0372865
datasets/iliad.txt, 0.00276156, 0.00314287, 0.0032472, 0.00313144, 0.0919619, 0.00404813, 0.037227
datasets/iliad.txt, 0.00251635, 0.00309726, 0.00315565, 0.00323799, 0.0930308, 0.0041718, 0.0366542
datasets/iliad.txt, 0.00268801, 0.00302014, 0.00322552, 0.00332644, 0.0923769, 0.00405528, 0.0370082
datasets/iliad.txt, 0.00251273, 0.00314394, 0.00312812, 0.00321764, 0.0936626, 0.00416007, 0.0359158
datasets/iliad.txt, 0.00249301, 0.00306311, 0.00330505, 0.00329254, 0.0892499, 0.00411615, 0.0369504
datasets/iliad.txt, 0.00254204, 0.00304465, 0.00316595, 0.00340108, 0.0945202, 0.00407284, 0.0363987
datasets/iliad.txt, 0.00254682, 0.0032021, 0.00322813, 0.0033267, 0.0912362, 0.00413469, 0.0379471
datasets/iliad.txt, 0.00279965, 0.00325468, 0.00317829, 0.00327741, 0.0948442, 0.00416954, 0.037274
datasets/iliad.txt, 0.00266542, 0.00305499, 0.00330504, 0.00325448, 0.0920197, 0.00408768, 0.0369797
datasets/iliad.txt, 0.00257927, 0.00308331, 0.00314817, 0.00335334, 0.0872676, 0.00418649, 0.0375059
datasets/iliad.txt, 0.00254018, 0.00311095, 0.00315156, 0.00324591, 0.0925266, 0.0042116, 0.0381734
datasets/iliad.txt, 0.00249271, 0.00311277, 0.00315862, 0.00326444, 0.0850071, 0.00416398, 0.0377398
datasets/iliad.txt, 0.00252235, 0.00310689, 0.00316059, 0.00319395, 0.0919766, 0.00413372, 0.0366765
datasets/iliad.txt, 0.00254165, 0.00312504, 0.0033741, 0.00319651, 0.0922281, 0.0041523, 0.0380892
datasets/iliad.txt, 0.00275445, 0.00309955, 0.00315237, 0.0031446, 0.0934195, 0.00419438, 0.0369421
datasets/iliad.txt, 0.00251303, 0.00314336, 0.00317261, 0.0031432, 0.093929, 0.00412672, 0.037209
datasets/iliad.txt, 0.00254708, 0.00323262, 0.00315046, 0.00325741, 0.0943064, 0.00411008, 0.0371019
datasets/iliad.txt, 0.00252174, 0.00315083, 0.00323971, 0.00343526, 0.0933268, 0.00426497, 0.0368134
datasets/iliad.txt, 0.0026573, 0.00307354, 0.00334813, 0.00328765, 0.0938379, 0.0041738, 0.0371446
datasets/iliad.txt, 0.00260078, 0.00313325, 0.00314561, 0.00326906, 0.0934302, 0.00408202, 0.037627
datasets/iliad.txt, 0.00250854, 0.00309929, 0.00327165, 0.00315063, 0.0936248, 0.00409772, 0.0372062
datasets/iliad.txt, 0.00256963, 0.00317343, 0.00318832, 0.00320641, 0.0973039, 0.00433498, 0.0373723
datasets/iliad.txt, 0.00249208, 0.00308114, 0.00335555, 0.00331363, 0.0933645, 0.00406881, 0.0369707
datasets/iliad.txt, 0.00276794, 0.00304747, 0.00319998, 0.00321532, 0.0914153, 0.00414631, 0.0368528
datasets/iliad.txt, 0.00276501, 0.00315296, 0.00315275, 0.00325899, 0.0922345, 0.00414186, 0.0371012
datasets/iliad.txt, 0.00261943, 0.00313861, 0.00325466, 0.00328107, 0.093883, 0.00410648, 0.0365047
datasets/iliad.txt, 0.00255361, 0.00318352, 0.00360116, 0.00335263, 0.0945341, 0.00420777, 0.0367213
datasets/iliad.txt, 0.00247146, 0.00318319, 0.00321602, 0.00342911, 0.0947463, 0.00410355, 0.0342614
datasets/iliad.txt, 0.00256765, 0.00312358, 0.0031363, 0.0031723, 0.0899002, 0.00424659, 0.0383979
datasets/iliad.txt, 0.00259181, 0.00308051, 0.00316397, 0.00338789, 0.0915519, 0.00408727, 0.0365137
datasets/iliad.txt, 0.00250987, 0.00313754, 0.00336628, 0.00336181, 0.0880965, 0.00413084, 0.0373428
datasets/iliad.txt, 0.00258236, 0.00305033, 0.00321155, 0.00340962, 0.0946087, 0.00413697, 0.0366345
datasets/iliad.txt, 0.00269095, 0.00316592, 0.00313475, 0.00333412, 0.0940151, 0.00400366, 0.0369098
datasets/iliad.txt, 0.00254761, 0.00312582, 0.00313107, 0.00330163, 0.0921761, 0.00418121, 0.0366078
datasets/iliad.txt, 0.00252782, 0.00305652, 0.00342173, 0.00319793, 0.0951041, 0.00411077, 0.0368312
datasets/iliad.txt, 0.0025916, 0.00308518, 0.0031171, 0.00316546, 0.0985621, 0.00401537, 0.0372062
datasets/iliad.txt, 0.00252047, 0.00326803, 0.00357816, 0.00346506, 0.0955175, 0.00423759, 0.0334458
datasets/iliad.txt, 0.00248635, 0.00304295, 0.00314987, 0.00322255, 0.0937341, 0.00418272, 0.0368289
datasets/iliad.txt, 0.00259053, 0.00323862, 0.00320105, 0.00327762, 0.0914734, 0.00407743, 0.0352785
datasets/iliad.txt, 0.00257769, 0.00313398, 0.00316991, 0.00316602, 0.095485, 0.00412249, 0.036883
datasets/iliad.txt, 0.00254725, 0.00319866, 0.00326765, 0.00324579, 0.0929765, 0.00419007, 0.0366241
datasets/iliad.txt, 0.00247466, 0.00320923, 0.00315688, 0.00317351, 0.0938231, 0.00417591, 0.0368515
datasets/iliad.txt, 0.00249802, 0.00307293, 0.00319632, 0.00325754, 0.0935684, 0.00413965, 0.0376464
datasets/iliad.txt, 0.00262602, 0.00312897, 0.00338534, 0.00330983, 0.0943552, 0.00411469, 0.0352595
datasets/iliad.txt, 0.00252638, 0.00310603, 0.00326268, 0.00343616, 0.0931561, 0.00407661, 0.0368476
datasets/iliad.txt, 0.00269185, 0.00304851, 0.00312303, 0.003358, 0.0948075, 0.004089, 0.035106
datasets/iliad.txt, 0.00256786, 0.00316722, 0.00330254, 0.00331104, 0.0933823, 0.00423042, 0.036855
datasets/iliad.txt, 0.00271142, 0.00316956, 0.00322741, 0.00342392, 0.0923336, 0.00428908, 0.0362547
datasets/iliad.txt, 0.00266261, 0.00327328, 0.00325207, 0.00340547, 0.0950878, 0.00422203, 0.0370827
datasets/iliad.txt, 0.00250889, 0.00330269, 0.00327611, 0.00329348, 0.0950621, 0.00415773, 0.0369108
datasets/iliad.txt, 0.00248742, 0.00309472, 0.00312528, 0.00320176, 0.0923358, 0.0041293, 0.0377388
datasets/iliad.txt, 0.00247729, 0.00313325, 0.00311599, 0.00323268, 0.0909513, 0.00426093, 0.0378526
datasets/iliad.txt, 0.00259907, 0.00308351, 0.00317694, 0.00325754, 0.0885486, 0.00415517, 0.0364641
datasets/iliad.txt, 0.0025442, 0.00312264, 0.0031703, 0.00326955, 0.0927934, 0.00421543, 0.0369161
datasets/iliad.txt, 0.00266527, 0.00306001, 0.0031533, 0.00320547, 0.0951281, 0.00461469, 0.0367043
datasets/iliad.txt, 0.00264484, 0.00314273, 0.00320771, 0.00328086, 0.0885141, 0.00413424, 0.0371165
datasets/iliad.txt, 0.00267677, 0.00318756, 0.00319784, 0.00348767, 0.0936194, 0.00432704, 0.0370543
datasets/iliad.txt, 0.00282221, 0.00331975, 0.00343094, 0.0032392, 0.0956151, 0.00407028, 0.0358632
datasets/iliad.txt, 0.00270871, 0.00312761, 0.00328532, 0.00330346, 0.0955441, 0.00432873, 0.0369209
datasets/iliad.txt, 0.00253188, 0.0030623, 0.00325516, 0.00338563, 0.0882751, 0.00420197, 0.0369668
datasets/iliad.txt, 0.00258105, 0.00330513, 0.003177, 0.0032936, 0.0949837, 0.00425067, 0.0397401
datasets/iliad.txt, 0.00265556, 0.0031566, 0.00318301, 0.0033576, 0.094085, 0.00427574, 0.0366733
datasets/iliad.txt, 0.00248215, 0.0031111, 0.0031227, 0.00343236, 0.0928682, 0.00407197, 0.0366206
datasets/iliad.txt, 0.00253805, 0.00316216, 0.00310178, 0.00318131, 0.0960989, 0.00416509, 0.0341728
datasets/iliad.txt, 0.00260743, 0.00334856, 0.00333063, 0.00327982, 0.092725, 0.00408244, 0.0378252
datasets/iliad.txt, 0.00265941, 0.00342983, 0.00327512, 0.00333705, 0.0950136, 0.00418883, 0.0371093
datasets/iliad.txt, 0.0025211, 0.0030646, 0.00314493, 0.00331431, 0.0901262, 0.00417813, 0.0368486
datasets/iliad.txt, 0.0025263, 0.00323379, 0.00324275, 0.00330128, 0.0949013, 0.00411678, 0.0365745
datasets/iliad.txt, 0.00253283, 0.0031607, 0.00315463, 0.00319983, 0.0939589, 0.00416615, 0.0373689
datasets/iliad.txt, 0.00252996, 0.00310494, 0.00321277, 0.0032923, 0.0952028, 0.00411119, 0.0369821
datasets/iliad.txt, 0.00258858, 0.00309872, 0.00312479, 0.00326642, 0.0949571, 0.00431343, 0.0365197
datasets/iliad.txt, 0.00254947, 0.00305847, 0.00311728, 0.00324353, 0.0924542, 0.00412439, 0.0362646
datasets/iliad.txt, 0.00265392, 0.00304908, 0.00331761, 0.00340197, 0.0931017, 0.00415924, 0.0375013
datasets/iliad.txt, 0.00281427, 0.00331511, 0.00326022, 0.00342866, 0.0919703, 0.00418892, 0.0349296
datasets/iliad.txt, 0.00257328, 0.00315303, 0.0033263, 0.00332936, 0.0944827, 0.0040792, 0.0357203
datasets/iliad.txt, 0.00258131, 0.00309359, 0.0031098, 0.00320196, 0.0943473, 0.00411745, 0.0360712
datasets/iliad.txt, 0.00252292, 0.00312966, 0.00329652, 0.00316603, 0.0947457, 0.00416882, 0.0376248
datasets/iliad.txt, 0.00250788, 0.00327839, 0.00330578, 0.00323619, 0.0927579, 0.00416851, 0.0381146
datasets/iliad.txt, 0.00257337, 0.00321669, 0.00317124, 0.00322234, 0.0918251, 0.00424003, 0.0356969
datasets/iliad.txt, 0.00254997, 0.0032331, 0.00313498, 0.0034747, 0.0907465, 0.00421877, 0.0369374
datasets/iliad.txt, 0.00252005, 0.00330173, 0.00313001, 0.00324119, 0.093972, 0.00416338, 0.0374707
datasets/iliad.txt, 0.00252005, 0.00306928, 0.00325068, 0.00318644, 0.0936409, 0.00423401, 0.0340391
datasets/iliad.txt, 0.00253833, 0.00314036, 0.00335207, 0.00327445, 0.0953096, 0.00410122, 0.0369826
datasets/iliad.txt, 0.00249533, 0.00316731, 0.0030842, 0.0033814, 0.0952322, 0.00408367, 0.0361212
datasets/iliad.txt, 0.00249057, 0.00304226, 0.0033296, 0.00331081, 0.094712, 0.00416582, 0.0369087
datasets/iliad.txt, 0.00258408, 0.00307643, 0.00316454, 0.00317245, 0.0947189, 0.00412398, 0.0357584
datasets/iliad.txt, 0.00265093, 0.00313337, 0.00314876, 0.00318421, 0.0933406, 0.00423785, 0.0370267
datasets/iliad.txt, 0.00250788, 0.00312298, 0.00319503, 0.00324884, 0.0923964, 0.00411103, 0.0363159
datasets/iliad.txt, 0.00251576, 0.0032177, 0.0031553, 0.00335429, 0.0931227, 0.00410598, 0.0364305
datasets/iliad.txt, 0.00252495, 0.00310487, 0.00310697, 0.00331688, 0.0954854, 0.00406186, 0.0357193
datasets/iliad.txt, 0.00277136, 0.00346991, 0.00333791, 0.00323813, 0.0909775, 0.00407858, 0.0376531
datasets/iliad.txt, 0.00251769, 0.00317241, 0.00315735, 0.00321783, 0.094131, 0.00417571, 0.037148
datasets/iliad.txt, 0.0026005, 0.003214, 0.00319732, 0.00321967, 0.0907028, 0.00406396, 0.0374922
datasets/iliad.txt, 0.00257573, 0.00319258, 0.00325829, 0.00328075, 0.0908094, 0.00421593, 0.0377165
datasets/iliad.txt, 0.00261648, 0.00320806, 0.00324416, 0.00341177, 0.0895587, 0.00406613, 0.0379361
datasets/mare-balena.txt, 0.00039529, 0.000486157, 0.000479505, 0.000485223, 0.0156779, 0.000673012, 0.00590987
datasets/mare-balena.txt, 0.000403048, 0.000474641, 0.000769456, 0.000518402, 0.0147559, 0.000642231, 0.00556456
datasets/mare-balena.txt, 0.000401154, 0.000468817, 0.000479383, 0.000490864, 0.0143943, 0.000683748, 0.00503761
datasets/mare-balena.txt, 0.000405941, 0.000485006, 0.000484476, 0.000492128, 0.0166984, 0.000647524, 0.00518921
datasets/mare-balena.txt, 0.000441213, 0.000508927, 0.000517549, 0.000533213, 0.0147471, 0.000668723, 0.00514805
datasets/mare-balena.txt, 0.000395043, 0.000487658, 0.000525198, 0.000489432, 0.0140078, 0.000640931, 0.00525228
datasets/mare-balena.txt, 0.000385643, 0.000470587, 0.000474422, 0.000485913, 0.0144434, 0.000671026, 0.00499661
datasets/mare-balena.txt, 0.000374982, 0.000467332, 0.000481677, 0.000487036, 0.0145737, 0.000638891, 0.00507136
datasets/mare-balena.txt, 0.000378154, 0.000468718, 0.000482363, 0.000495211, 0.0140978, 0.000655054, 0.00496988
datasets/mare-balena.txt, 0.000390326, 0.00047144, 0.000488538, 0.000490792, 0.0144328, 0.000641148, 0.00487986
datasets/mare-balena.txt, 0.000413272, 0.000493506, 0.000503629, 0.000587704, 0.0142597, 0.000623947, 0.00518801
datasets/mare-balena.txt, 0.000405103, 0.0004599, 0.000473647, 0.000482287, 0.0137999, 0.000613354, 0.00501654
datasets/mare-balena.txt, 0.00036705, 0.00046103, 0.000475337, 0.000498653, 0.0138586, 0.00064646, 0.00513533
datasets/mare-balena.txt, 0.000404046, 0.000459098, 0.000474912, 0.000471142, 0.0142591, 0.000646464, 0.00500538
datasets/mare-balena.txt, 0.0003727, 0.000461661, 0.000474198, 0.000492822, 0.0142105, 0.000622202, 0.0050576
datasets/mare-balena.txt, 0.00038798, 0.000454399, 0.000468418, 0.000485012, 0.0138972, 0.000624106, 0.00508749
datasets/mare-balena.txt, 0.000372896, 0.00046521, 0.000470582, 0.000492484, 0.0142854, 0.000656436, 0.00512983
datasets/mare-balena.txt, 0.000423103, 0.000459981, 0.000481381, 0.000480597, 0.0141601, 0.00063681, 0.00517696
datasets/mare-balena.txt, 0.000401257, 0.000458654, 0.000465335, 0.000472676, 0.0135282, 0.000636184, 0.00513581
datasets/mare-balena.txt, 0.000398863, 0.000463633, 0.000460103, 0.000486226, 0.0140242, 0.000658957, 0.00492766
datasets/mare-balena.txt, 0.000376808, 0.000463028, 0.000483358, 0.000480208, 0.0142906, 0.000640371, 0.00519913
datasets/mare-balena.txt, 0.000417753, 0.000496655, 0.000484332, 0.000490464, 0.0140306, 0.000653484, 0.00507992
datasets/mare-balena.txt, 0.000389183, 0.000494991, 0.000477177, 0.000494098, 0.0140437, 0.000647355, 0.00507444
datasets/mare-balena.txt, 0.000377822, 0.000467187, 0.000476668, 0.000492879, 0.013959, 0.000649287, 0.00505437
datasets/mare-balena.txt, 0.000372315, 0.000487179, 0.000462931, 0.000473665, 0.0135195, 0.0006195, 0.00519632
datasets/mare-balena.txt, 0.000378422, 0.000461813, 0.000467936, 0.00048565, 0.013825, 0.000625938, 0.00496556
datasets/mare-balena.txt, 0.000393481, 0.00047495, 0.000479731, 0.000491678, 0.0143438, 0.000647985, 0.00501256
datasets/mare-balena.txt, 0.000427865, 0.000454434, 0.000465999, 0.000479738, 0.0142951, 0.000637398, 0.00489726
datasets/mare-balena.txt, 0.00037277, 0.000450579, 0.000511573, 0.000474444, 0.0140687, 0.000621865, 0.00500254
datasets/mare-balena.txt, 0.000367349, 0.000452559, 0.000471821, 0.00052091, 0.0141691, 0.000686707, 0.00514444
datasets/mare-balena.txt, 0.000377191, 0.000458314, 0.00047568, 0.000491241, 0.0142468, 0.000671868, 0.00512894
datasets/mare-balena.txt, 0.000421836, 0.000505659, 0.000480062, 0.000489834, 0.0140373, 0.000643927, 0.00525987
datasets/mare-balena.txt, 0.000391831, 0.000452827, 0.000466362, 0.000506238, 0.0140876, 0.000632676, 0.00508393
datasets/mare-balena.txt, 0.000372631, 0.000486032, 0.000480403, 0.000498528, 0.0140751, 0.000619266, 0.00501869
datasets/mare-balena.txt, 0.000373556, 0.000472043, 0.000465339, 0.000490749, 0.0141148, 0.000689708, 0.00490072
datasets/mare-balena.txt, 0.000381955, 0.000459451, 0.000466413, 0.00048528, 0.0143721, 0.000638396, 0.00511693
datasets/mare-balena.txt, 0.00042171, 0.00050474, 0.000582564, 0.000525065, 0.0141129, 0.000632866, 0.00508022
datasets/mare-balena.txt, 0.000387701, 0.000468996, 0.000477333, 0.000483602, 0.014485, 0.000631278, 0.00487117
datasets/mare-balena.txt, 0.000370743, 0.000463544, 0.000475043, 0.000483224, 0.0140681, 0.000654663, 0.00519687
datasets/mare-balena.txt, 0.000388055, 0.000459844, 0.000489045, 0.00048253, 0.0144205, 0.000656557, 0.00500394
datasets/mare-balena.txt, 0.000394015, 0.000480588, 0.000489566, 0.000530031, 0.0143294, 0.000623529, 0.00497261
datasets/mare-balena.txt, 0.000494674, 0.000560934, 0.00102698, 0.000492299, 0.0141468, 0.000657434, 0.00511802
datasets/mare-balena.txt, 0.000391994, 0.000456651, 0.000459499, 0.000470775, 0.014325, 0.000619561, 0.00516204
datasets/mare-balena.txt, 0.000383859, 0.000463776, 0.000476869, 0.000480411, 0.013596, 0.00064166, 0.00517706
datasets/mare-balena.txt, 0.000373139, 0.000468769, 0.000485954, 0.000523248, 0.014231, 0.000619662, 0.00488731
datasets/mare-balena.txt, 0.000370289, 0.00044865, 0.000468965, 0.000472746, 0.013725, 0.000623653, 0.00497089
datasets/mare-balena.txt, 0.000398189, 0.000463861, 0.000668909, 0.000555878, 0.0141135, 0.000659501, 0.00525738
datasets/mare-balena.txt, 0.000409641, 0.000452571, 0.000468866, 0.000482858, 0.0144054, 0.000646548, 0.00484795
datasets/mare-balena.txt, 0.000384544, 0.000467345, 0.000472245, 0.000470207, 0.0139477, 0.000638929, 0.00491971
datasets/mare-balena.txt, 0.000381543, 0.000461396, 0.000467779, 0.000470617, 0.0139859, 0.000623109, 0.00500185
datasets/mare-balena.txt, 0.000379049, 0.000459082, 0.000476407, 0.000480733, 0.0143118, 0.000644808, 0.00495595
datasets/mare-balena.txt, 0.00038425, 0.000464511, 0.000479846, 0.000494094, 0.0134091, 0.000635966, 0.00520286
datasets/mare-balena.txt, 0.000390111, 0.00045428, 0.000505208, 0.000477611, 0.0143897, 0.000655186, 0.00513115
datasets/mare-balena.txt, 0.000386855, 0.000470505, 0.000480135, 0.000484345, 0.0144184, 0.00064235, 0.00496177
datasets/mare-balena.txt, 0.000374927, 0.000458774, 0.000469837, 0.000482002, 0.013636, 0.000626592, 0.00508636
datasets/mare-balena.txt, 0.000385778, 0.00046177, 0.000470298, 0.00047944, 0.0143728, 0.000672818, 0.00509118
datasets/mare-balena.txt, 0.000422765, 0.000514281, 0.000519849, 0.000534667, 0.0140074, 0.000639593, 0.00493538
datasets/mare-balena.txt, 0.000371906, 0.000459935, 0.000470349, 0.000482828, 0.0137235, 0.000647806, 0.00516925
datasets/mare-balena.txt, 0.00037763, 0.000482518, 0.00048287, 0.000491693, 0.0139422, 0.00063917, 0.00501235
datasets/mare-balena.txt, 0.000373471, 0.000458842, 0.000466872, 0.000614705, 0.0139613, 0.000621633, 0.00499683
datasets/mare-balena.txt, 0.000376536, 0.000464996, 0.000480128, 0.000478866, 0.0137909, 0.00065105, 0.00496594
datasets/mare-balena.txt, 0.000380216, 0.000465156, 0.000475527, 0.000517629, 0.0140659, 0.000653159, 0.00507818
datasets/mare-balena.txt, 0.000391355, 0.000470987, 0.000494546, 0.000485867, 0.0142525, 0.000753508, 0.00491566
datasets/mare-balena.txt, 0.00040011, 0.000461541, 0.000473939, 0.000477825, 0.0137026, 0.000607824, 0.00511176
datasets/mare-balena.txt, 0.000370288, 0.00045661, 0.000461234, 0.000480811, 0.0142963, 0.000671807, 0.00514676
datasets/mare-balena.txt, 0.000382685, 0.000472203, 0.000501911, 0.000510055, 0.0139689, 0.000652994, 0.00531817
datasets/mare-balena.txt, 0.000428019, 0.00049144, 0.000503501, 0.000511597, 0.0146146, 0.000618773, 0.00495362
datasets/mare-balena.txt, 0.000383876, 0.000451275, 0.000470396, 0.000473645, 0.0142811, 0.000657387, 0.00504381
datasets/mare-balena.txt, 0.000375148, 0.00046375, 0.000506471, 0.000510804, 0.0139121, 0.000642604, 0.00514782
datasets/mare-balena.txt, 0.000412425, 0.000496964, 0.000512655, 0.000516365, 0.0140616, 0.000618938, 0.00501278
datasets/mare-balena.txt, 0.000406921, 0.00046117, 0.000468255, 0.000490914, 0.0139604, 0.000650299, 0.00511473
datasets/mare-balena.txt, 0.000378472, 0.00046832, 0.000475296, 0.000493127, 0.0140585, 0.000649109, 0.00503615
datasets/mare-balena.txt, 0.000379001, 0.000459972, 0.000528262, 0.000488787, 0.01427, 0.000636598, 0.00528983
datasets/mare-balena.txt, 0.000391587, 0.000491478, 0.000490185, 0.000494402, 0.0145452, 0.000626165, 0.00497741
datasets/mare-balena.txt, 0.000381182, 0.000460699, 0.000476342, 0.000489062, 0.0143518, 0.000654261, 0.00496739
datasets/mare-balena.txt, 0.000397331, 0.000475948, 0.000477247, 0.000488563, 0.0137558, 0.000676995, 0.00545586
datasets/mare-balena.txt, 0.000406657, 0.000521485, 0.000534743, 0.000531084, 0.013715, 0.000652141, 0.00507841
datasets/mare-balena.txt, 0.000392067, 0.000464627, 0.000600693, 0.000505848, 0.0140006, 0.000636522, 0.00527847
datasets/mare-balena.txt, 0.000442273, 0.000506967, 0.000516479, 0.000531611, 0.0143399, 0.000677752, 0.00517224
datasets/mare-balena.txt, 0.000384536, 0.000474629, 0.000478487, 0.000483917, 0.0142222, 0.000647344, 0.00518705
datasets/mare-balena.txt, 0.000386298, 0.000448733, 0.000465591, 0.000475806, 0.0137785, 0.000652145, 0.00526394
datasets/mare-balena.txt, 0.000395788, 0.000471869, 0.000478373, 0.000490658, 0.014041, 0.000653587, 0.00507688
datasets/mare-balena.txt, 0.000384259, 0.000464271, 0.000481346, 0.000487977, 0.0142588, 0.000653446, 0.00514566
datasets/mare-balena.txt, 0.000395288, 0.000451825, 0.000476028, 0.00048387, 0.0141754, 0.000643227, 0.00523455
datasets/mare-balena.txt, 0.000382655, 0.000458878, 0.000480827, 0.000494544, 0.0141918, 0.000644631, 0.00483161
datasets/mare-balena.txt, 0.000401553, 0.000472184, 0.000485735, 0.00049378, 0.0135648, 0.000625728, 0.00503431
datasets/mare-balena.txt, 0.000392985, 0.000465386, 0.000468063, 0.000473233, 0.0142846, 0.000626678, 0.00485152
datasets/mare-balena.txt, 0.000372144, 0.000466085, 0.000468743, 0.000492624, 0.0144, 0.000642433, 0.00497221
datasets/mare-balena.txt, 0.000371468, 0.000458632, 0.000468814, 0.000566665, 0.0140922, 0.000626102, 0.00507299
datasets/mare-balena.txt, 0.000394414, 0.000520572, 0.000469432, 0.000474816, 0.0139261, 0.000663114, 0.00513397
datasets/mare-balena.txt, 0.000393534, 0.000654429, 0.000509001, 0.000592147, 0.0140087, 0.000669012, 0.00494098
datasets/mare-balena.txt, 0.000374641, 0.000461223, 0.000473273, 0.000477072, 0.0141228, 0.000660706, 0.00516155
datasets/mare-balena.txt, 0.000435608, 0.000500863, 0.000505929, 0.000509898, 0.0136113, 0.000621114, 0.00520594
datasets/mare-balena.txt, 0.000646284, 0.000476401, 0.000480168, 0.000507759, 0.0137823, 0.000629028, 0.00502195
datasets/mare-balena.txt, 0.000391239, 0.000491115, 0.000476813, 0.000494184, 0.0135342, 0.000632676, 0.00505535
datasets/mare-balena.txt, 0.000414099, 0.000497283, 0.00050904, 0.000511598, 0.013905, 0.000621423, 0.00497319
datasets/mare-balena.txt, 0.000370466, 0.000456892, 0.000463421, 0.000475882, 0.0142879, 0.000618501, 0.00522965
datasets/mare-balena.txt, 0.000415458, 0.000464633, 0.00047723, 0.000483164, 0.0142929, 0.000664728, 0.00507694
datasets/mare-balena.txt, 0.0003821, 0.000466428, 0.000473083, 0.00048314, 0.0139246, 0.000633812, 0.00504251
datasets/mare-balena.txt, 0.00038579, 0.000468104, 0.000478104, 0.000491916, 0.0145856, 0.000656787, 0.0050885
datasets/midsummer-nights-dream.txt, 0.000285698, 0.000341582, 0.000346779, 0.000357615, 0.00926204, 0.000458626, 0.0033195
datasets/midsummer-nights-dream.txt, 0.000613004, 0.000446057, 0.000690292, 0.000442677, 0.0098743, 0.000482074, 0.00464419
datasets/midsummer-nights-dream.txt, 0.000275408, 0.00155706, 0.000353974, 0.000488073, 0.0093082, 0.000443817, 0.00316332
datasets/midsummer-nights-dream.txt, 0.000278321, 0.000349936, 0.000419849, 0.000342833, 0.0101356, 0.000445825, 0.00329728
datasets/midsummer-nights-dream.txt, 0.000283763, 0.000342341, 0.000356063, 0.000359773, 0.00908937, 0.000444865, 0.00321752
datasets/midsummer-nights-dream.txt, 0.000295117, 0.000352506, 0.000365057, 0.000365424, 0.00922829, 0.000443349, 0.00312872
datasets/midsummer-nights-dream.txt, 0.000289387, 0.000473544, 0.000346583, 0.000373061, 0.0094352, 0.000448408, 0.00316656
datasets/midsummer-nights-dream.txt, 0.00027239, 0.000339497, 0.000355913, 0.000373943, 0.0102514, 0.000452072, 0.00316333
datasets/midsummer-nights-dream.txt, 0.000296907, 0.000357534, 0.000367123, 0.000351581, 0.00924637, 0.00044363, 0.00330559
datasets/midsummer-nights-dream.txt, 0.000270612, 0.000331132, 0.000347209, 0.000354754, 0.00922057, 0.00044648, 0.00327321
datasets/midsummer-nights-dream.txt, 0.000268799, 0.000331987, 0.000339897, 0.000341096, 0.00896564, 0.000454172, 0.00321111
datasets/midsummer-nights-dream.txt, 0.000300046, 0.000359424, 0.000367127, 0.000368406, 0.00914532, 0.000445971, 0.00326937
datasets/midsummer-nights-dream.txt, 0.000269814, 0.000352132, 0.000344567, 0.000348526, 0.00899764, 0.000441374, 0.00323462
datasets/midsummer-nights-dream.txt, 0.000271932, 0.000332953, 0.000337618, 0.000388864, 0.00892707, 0.000461382, 0.00326447
datasets/midsummer-nights-dream.txt, 0.000273749, 0.000331797, 0.000337377, 0.00035571, 0.00937265, 0.000457114, 0.00308027
datasets/midsummer-nights-dream.txt, 0.000275497, 0.000324856, 0.000334349, 0.000350937, 0.00891233, 0.00043999, 0.0032489
datasets/midsummer-nights-dream.txt, 0.000272489, 0.000339134, 0.000343131, 0.000339127, 0.0095837, 0.000450935, 0.00303953
datasets/midsummer-nights-dream.txt, 0.000272043, 0.000323993, 0.000327798, 0.000351689, 0.0093167, 0.000453984, 0.00321225
datasets/midsummer-nights-dream.txt, 0.000298656, 0.000361414, 0.000368211, 0.000369916, 0.00911181, 0.000443608, 0.00326672
datasets/midsummer-nights-dream.txt, 0.000274876, 0.000341154, 0.000337193, 0.000353714, 0.00920943, 0.000443282, 0.0031924
datasets/midsummer-nights-dream.txt, 0.000268963, 0.00032598, 0.000339119, 0.000339424, 0.00944602, 0.00044871, 0.00310773
datasets/midsummer-nights-dream.txt, 0.000275808, 0.000329333, 0.00034275, 0.000356212, 0.00921229, 0.000440833, 0.00335368
datasets/midsummer-nights-dream.txt, 0.000273348, 0.00032731, 0.000338717, 0.000348328, 0.00960509, 0.000467189, 0.00333427
datasets/midsummer-nights-dream.txt, 0.000299988, 0.000333294, 0.000339846, 0.000344149, 0.00892562, 0.000447888, 0.00350038
datasets/midsummer-nights-dream.txt, 0.000298686, 0.000356088, 0.000360806, 0.00036891, 0.00910833, 0.000445883, 0.00314402
datasets/midsummer-nights-dream.txt, 0.000272128, 0.00032893, 0.000488786, 0.000357058, 0.00917937, 0.000483929, 0.00307541
datasets/midsummer-nights-dream.txt, 0.000268571, 0.000330146, 0.000332752, 0.000340895, 0.00887281, 0.000447344, 0.00329987
datasets/midsummer-nights-dream.txt, 0.000270927, 0.000329666, 0.000344451, 0.000340981, 0.00922062, 0.000451879, 0.00329037
datasets/midsummer-nights-dream.txt, 0.000297077, 0.000353978, 0.00036562, 0.000373068, 0.00915949, 0.000449457, 0.00313093
datasets/midsummer-nights-dream.txt, 0.000272792, 0.000329956, 0.000341882, 0.000347971, 0.0091044, 0.000444938, 0.0032098
datasets/midsummer-nights-dream.txt, 0.000299885, 0.000326476, 0.000335538, 0.000343069, 0.00886265, 0.00044928, 0.00330595
datasets/midsummer-nights-dream.txt, 0.000273495, 0.000324429, 0.000364226, 0.000345947, 0.00882169, 0.000437774, 0.00334921
datasets/midsummer-nights-dream.txt, 0.000267988, 0.000323333, 0.000334326, 0.000348827, 0.00933725, 0.000446867, 0.00315961
datasets/midsummer-nights-dream.txt, 0.00027535, 0.000333158, 0.00033348, 0.000350879, 0.00969923, 0.000482674, 0.00326455
datasets/midsummer-nights-dream.txt, 0.000295969, 0.000357406, 0.000362522, 0.000364308, 0.00914738, 0.000446725, 0.00317999
datasets/midsummer-nights-dream.txt, 0.000275074, 0.000334545, 0.000338714, 0.00035103, 0.00917949, 0.000439795, 0.00322205
datasets/midsummer-nights-dream.txt, 0.00028253, 0.000327582, 0.000338494, 0.000346129, 0.00892434, 0.00044172, 0.00328077
datasets/midsummer-nights-dream.txt, 0.000272789, 0.000330626, 0.000337354, 0.000343161, 0.00881022, 0.000450466, 0.0034507
datasets/midsummer-nights-dream.txt, 0.000285833, 0.000326059, 0.000352951, 0.000364956, 0.00872471, 0.000444469, 0.00329233
datasets/midsummer-nights-dream.txt, 0.000273228, 0.000634261, 0.000364437, 0.000374419, 0.00928268, 0.000444272, 0.00314948
datasets/midsummer-nights-dream.txt, 0.000269546, 0.000335976, 0.000335184, 0.000353745, 0.0092367, 0.000457382, 0.00311801
datasets/midsummer-nights-dream.txt, 0.00028411, 0.000345789, 0.000347371, 0.000358778, 0.00922293, 0.000445033, 0.00319154
datasets/midsummer-nights-dream.txt, 0.000273058, 0.000335694, 0.000342497, 0.000351027, 0.00909142, 0.000441791, 0.00332129
datasets/midsummer-nights-dream.txt, 0.000282191, 0.000400294, 0.000337574, 0.00033874, 0.00927539, 0.000444672, 0.00330514
datasets/midsummer-nights-dream.txt, 0.000275975, 0.000331943, 0.00034359, 0.000350862, 0.00895992, 0.000442163, 0.00329109
datasets/midsummer-nights-dream.txt, 0.000272694, 0.000331147, 0.000341538, 0.000344871, 0.00918184, 0.000451908, 0.00319015
datasets/midsummer-nights-dream.txt, 0.000282403, 0.000345041, 0.00035572, 0.000346364, 0.00932014, 0.000451124, 0.0031869
datasets/midsummer-nights-dream.txt, 0.000296641, 0.000359617, 0.000364371, 0.000377076, 0.00923708, 0.000446767, 0.00310799
datasets/midsummer-nights-dream.txt, 0.000299462, 0.000354773, 0.000363447, 0.000369201, 0.00913787, 0.000444308, 0.00338142
datasets/midsummer-nights-dream.txt, 0.000302769, 0.000362492, 0.000363804, 0.00037331, 0.0090246, 0.000452725, 0.00324044
datasets/midsummer-nights-dream.txt, 0.000268581, 0.000331201, 0.000338147, 0.000350191, 0.00957846, 0.0004394, 0.00302226
datasets/midsummer-nights-dream.txt, 0.000275487, 0.000329815, 0.000342157, 0.000351952, 0.00921042, 0.000453679, 0.00331105
datasets/midsummer-nights-dream.txt, 0.000276123, 0.000336968, 0.000375344, 0.000350343, 0.00912963, 0.000511178, 0.0031448
datasets/midsummer-nights-dream.txt, 0.000277024, 0.000328524, 0.000339233, 0.000343821, 0.00895398, 0.000449265, 0.00325614
datasets/midsummer-nights-dream.txt, 0.000272807, 0.000334787, 0.000336598, 0.000343998, 0.00920517, 0.000439505, 0.00315245
datasets/midsummer-nights-dream.txt, 0.000272075, 0.000333681, 0.000338138, 0.000344422, 0.00903978, 0.00044835, 0.0032095
datasets/midsummer-nights-dream.txt, 0.000271578, 0.000331359, 0.000336952, 0.00038061, 0.00932951, 0.00045619, 0.00318214
datasets/midsummer-nights-dream.txt, 0.000278546, 0.000335429, 0.00033679, 0.000341334, 0.00905011, 0.000461829, 0.00322215
datasets/midsummer-nights-dream.txt, 0.00027669, 0.000324453, 0.000338875, 0.000341887, 0.00855714, 0.000439774, 0.00452156
datasets/midsummer-nights-dream.txt, 0.000293611, 0.000330889, 0.000340474, 0.000345248, 0.00950569, 0.000446042, 0.00415805
datasets/midsummer-nights-dream.txt, 0.000282868, 0.000336528, 0.000335783, 0.00034514, 0.00862829, 0.000442533, 0.00345751
datasets/midsummer-nights-dream.txt, 0.000276307, 0.000329683, 0.000343899, 0.000344661, 0.00912426, 0.000457266, 0.0033349
datasets/midsummer-nights-dream.txt, 0.000270376, 0.000331649, 0.000341474, 0.000344016, 0.00887685, 0.000445812, 0.00339564
datasets/midsummer-nights-dream.txt, 0.000272864, 0.000332071, 0.000339843, 0.000356399, 0.00903747, 0.000447526, 0.003297
datasets/midsummer-nights-dream.txt, 0.000295927, 0.000355651, 0.000361933, 0.000368567, 0.00952156, 0.000445253, 0.00321822
datasets/midsummer-nights-dream.txt, 0.000277814, 0.000338394, 0.00033819, 0.000360542, 0.00865382, 0.000440954, 0.00325885
datasets/midsummer-nights-dream.txt, 0.00027433, 0.00033378, 0.000333024, 0.000375291, 0.00866235, 0.000453166, 0.00323625
datasets/midsummer-nights-dream.txt, 0.00026708, 0.000325525, 0.000332688, 0.000338572, 0.00882012, 0.00044234, 0.00327046
datasets/midsummer-nights-dream.txt, 0.000266678, 0.00032354, 0.000333068, 0.000345446, 0.00915505, 0.000457987, 0.00360565
datasets/midsummer-nights-dream.txt, 0.000409847, 0.000350195, 0.000348667, 0.000354693, 0.00920599, 0.000463613, 0.00335668
datasets/midsummer-nights-dream.txt, 0.000272369, 0.000337868, 0.000349595, 0.000348936, 0.00918558, 0.000466316, 0.00330601
datasets/midsummer-nights-dream.txt, 0.000275443, 0.00036078, 0.000350184, 0.0003533, 0.00927099, 0.000457371, 0.00321439
datasets/midsummer-nights-dream.txt, 0.00027882, 0.000332418, 0.000346295, 0.000347959, 0.00946025, 0.00045717, 0.00326603
datasets/midsummer-nights-dream.txt, 0.000271536, 0.000335598, 0.000347254, 0.000355884, 0.00972292, 0.000440101, 0.00313446
datasets/midsummer-nights-dream.txt, 0.000274646, 0.000337971, 0.000347566, 0.000349926, 0.0094507, 0.000452136, 0.00312138
datasets/midsummer-nights-dream.txt, 0.00027363, 0.000341614, 0.000334388, 0.000353017, 0.00883663, 0.000448922, 0.00322737
datasets/midsummer-nights-dream.txt, 0.000277974, 0.000323767, 0.000327128, 0.000353052, 0.00880897, 0.000452448, 0.00334749
datasets/midsummer-nights-dream.txt, 0.000295549, 0.00035163, 0.000363609, 0.000419226, 0.00868491, 0.000440209, 0.00337179
datasets/midsummer-nights-dream.txt, 0.00026586, 0.000336015, 0.000344494, 0.000344936, 0.00857975, 0.000442217, 0.00335088
datasets/midsummer-nights-dream.txt, 0.000269024, 0.000324914, 0.000339262, 0.00034259, 0.00908329, 0.000567906, 0.00317781
datasets/midsummer-nights-dream.txt, 0.000280749, 0.0003363, 0.000341646, 0.00035112, 0.00923055, 0.000436884, 0.00344085
datasets/midsummer-nights-dream.txt, 0.000313561, 0.000324333, 0.000338441, 0.000344079, 0.00869257, 0.000438318, 0.00335702
datasets/midsummer-nights-dream.txt, 0.000283316, 0.000323348, 0.000337693, 0.000343512, 0.00951484, 0.000458828, 0.00323876
datasets/midsummer-nights-dream.txt, 0.000286082, 0.000339536, 0.00034608, 0.000353293, 0.00965117, 0.000455713, 0.00309917
datasets/midsummer-nights-dream.txt, 0.000277932, 0.000342337, 0.000361654, 0.000356999, 0.00897873, 0.000442361, 0.00311303
datasets/midsummer-nights-dream.txt, 0.000268024, 0.000334579, 0.000340234, 0.000354101, 0.0122613, 0.000448488, 0.00324223
datasets/midsummer-nights-dream.txt, 0.000272998, 0.000421309, 0.000338742, 0.000474493, 0.00895967, 0.000454834, 0.00325022
datasets/midsummer-nights-dream.txt, 0.000278721, 0.000377936, 0.000370277, 0.000378004, 0.00946006, 0.00044924, 0.00329456
datasets/midsummer-nights-dream.txt, 0.0002747, 0.000333063, 0.000342953, 0.000351744, 0.00923601, 0.000451659, 0.0031987
datasets/midsummer-nights-dream.txt, 0.000270951, 0.000345929, 0.00033753, 0.000344727, 0.00934766, 0.000460098, 0.00324832
datasets/midsummer-nights-dream.txt, 0.000301701, 0.000360217, 0.000372219, 0.000366943, 0.00911874, 0.000445427, 0.00314257
datasets/midsummer-nights-dream.txt, 0.000266771, 0.000338558, 0.000336015, 0.000350818, 0.00937963, 0.000464535, 0.00322577
datasets/midsummer-nights-dream.txt, 0.000283372, 0.000339129, 0.000352379, 0.000365893, 0.00935061, 0.000443058, 0.00345038
datasets/midsummer-nights-dream.txt, 0.000274593, 0.000332839, 0.000339846, 0.000353646, 0.00932871, 0.000444334, 0.00333986
datasets/midsummer-nights-dream.txt, 0.000274485, 0.000333769, 0.000345972, 0.000347522, 0.00926891, 0.000452604, 0.0032254
datasets/midsummer-nights-dream.txt, 0.000285367, 0.000432705, 0.000346069, 0.000349848, 0.00899344, 0.000455773, 0.00335385
datasets/midsummer-nights-dream.txt, 0.000273967, 0.000341537, 0.000345447, 0.000351851, 0.00945018, 0.000446745, 0.00321224
datasets/midsummer-nights-dream.txt, 0.000277592, 0.000330468, 0.000340224, 0.000346728, 0.00942437, 0.000440844, 0.00314864
datasets/midsummer-nights-dream.txt, 0.000273269, 0.000329329, 0.00033852, 0.000343649, 0.00901899, 0.000448989, 0.00331053
datasets/midsummer-nights-dream.txt, 0.000269126, 0.000327189, 0.000342082, 0.000341339, 0.00942795, 0.000448668, 0.00323726
datasets/quijote.txt, 0.00578026, 0.00754339, 0.0073213, 0.00790141, 0.209087, 0.00891838, 0.0823544
datasets/quijote.txt, 0.00538727, 0.00659238, 0.00729032, 0.00725586, 0.209056, 0.00900215, 0.0808565
datasets/quijote.txt, 0.00570007, 0.0067244, 0.00707444, 0.00708129, 0.205392, 0.00885782, 0.0820504
datasets/quijote.txt, 0.00560052, 0.0067266, 0.0070751, 0.00760307, 0.20941, 0.00902925, 0.0822206
datasets/quijote.txt, 0.00569829, 0.00676523, 0.00722591, 0.00739878, 0.207209, 0.0102392, 0.0858437
datasets/quijote.txt, 0.00578428, 0.006875, 0.00716311, 0.00737115, 0.20683, 0.00911619, 0.0820356
datasets/quijote.txt, 0.00557464, 0.00661717, 0.00688709, 0.00717211, 0.209705, 0.00940343, 0.0821629
datasets/quijote.txt, 0.00540045, 0.00683423, 0.0076235, 0.00709666, 0.206911, 0.00956946, 0.081943
datasets/quijote.txt, 0.00535824, 0.00674249, 0.00677159, 0.0073321, 0.210491, 0.00920021, 0.0799564
datasets/quijote.txt, 0.00544667, 0.00663872, 0.00706775, 0.00715955, 0.209778, 0.0092048, 0.0806855
datasets/quijote.txt, 0.00535019, 0.00663867, 0.00703563, 0.00703584, 0.206946, 0.00883582, 0.0822465
datasets/quijote.txt, 0.00542955, 0.00676428, 0.00704809, 0.00722826, 0.205747, 0.00908247, 0.0831446
datasets/quijote.txt, 0.00584479, 0.00671549, 0.00726911, 0.00716182, 0.208753, 0.00960712, 0.0839553
datasets/quijote.txt, 0.00544248, 0.00652803, 0.00678046, 0.00703701, 0.207309, 0.00900827, 0.0819797
datasets/quijote.txt, 0.00596933, 0.00681397, 0.0070117, 0.00696662, 0.21142, 0.00889245, 0.0828456
datasets/quijote.txt, 0.00543566, 0.00676055, 0.00740014, 0.00698038, 0.206873, 0.00915951, 0.0826103
datasets/quijote.txt, 0.00600965, 0.00686751, 0.0069668, 0.00736258, 0.208221, 0.00907909, 0.0820242
datasets/quijote.txt, 0.00540356, 0.00681309, 0.00717658, 0.00734162, 0.195499, 0.00896152, 0.0826832
datasets/quijote.txt, 0.00547526, 0.00668123, 0.0068231, 0.0073836, 0.209414, 0.00901738, 0.0822734
datasets/quijote.txt, 0.00533945, 0.00656103, 0.00712679, 0.00734673, 0.209468, 0.00909573, 0.0812754
datasets/quijote.txt, 0.00543288, 0.00667685, 0.0069469, 0.00710403, 0.207209, 0.00895293, 0.0830646
datasets/quijote.txt, 0.00546665, 0.00675331, 0.0068704, 0.00714043, 0.207213, 0.00900102, 0.0826398
datasets/quijote.txt, 0.00544891, 0.00674087, 0.00688914, 0.00723854, 0.204674, 0.00888132, 0.0812783
datasets/quijote.txt, 0.00549151, 0.00662135, 0.00719631, 0.00727523, 0.211841, 0.00891911, 0.0816191
datasets/quijote.txt, 0.00549819, 0.00653017, 0.00691698, 0.00711945, 0.207285, 0.0089002, 0.0830903
datasets/quijote.txt, 0.00549581, 0.00674131, 0.00701088, 0.00708976, 0.210009, 0.0090285, 0.0808415
datasets/quijote.txt, 0.00546232, 0.00660055, 0.00696857, 0.00709643, 0.20687, 0.00929244, 0.083227
datasets/quijote.txt, 0.00549341, 0.00671125, 0.00686662, 0.00719881, 0.195935, 0.00907137, 0.0822665
datasets/quijote.txt, 0.00550679, 0.00665634, 0.00680516, 0.00748841, 0.208685, 0.00952841, 0.0822721
datasets/quijote.txt, 0.00541374, 0.00759295, 0.00733271, 0.00733336, 0.209982, 0.00907261, 0.0823026
datasets/quijote.txt, 0.00560499, 0.00670864, 0.00693276, 0.00699068, 0.207916, 0.00921435, 0.0822647
datasets/quijote.txt, 0.00533608, 0.00658905, 0.00687513, 0.00722485, 0.204457, 0.00903801, 0.0840293
datasets/quijote.txt, 0.00543571, 0.00673888, 0.00724223, 0.00730694, 0.208469, 0.00904126, 0.0825348
datasets/quijote.txt, 0.00541204, 0.00690794, 0.00698102, 0.00709108, 0.207063, 0.00917019, 0.0823251
datasets/quijote.txt, 0.00560716, 0.00665821, 0.0069091, 0.00705398, 0.20735, 0.00908374, 0.0823758
datasets/quijote.txt, 0.0055216, 0.00672889, 0.00699963, 0.00697315, 0.211939, 0.00907466, 0.0840254
datasets/quijote.txt, 0.00589723, 0.0068077, 0.00711895, 0.00722337, 0.209685, 0.00913245, 0.0823775
datasets/quijote.txt, 0.00539217, 0.00692268, 0.00705817, 0.00735113, 0.210098, 0.00939887, 0.0837729
datasets/quijote.txt, 0.00603415, 0.00676862, 0.00690057, 0.00717471, 0.208782, 0.00937063, 0.0818783
datasets/quijote.txt, 0.00543105, 0.00661536, 0.00675371, 0.0069967, 0.208363, 0.00891566, 0.0827654
datasets/quijote.txt, 0.0056114, 0.00708211, 0.00744556, 0.00737335, 0.210485, 0.00927077, 0.0829503
datasets/quijote.txt, 0.00569018, 0.00687414, 0.00707253, 0.0071777, 0.208345, 0.00913962, 0.0837392
datasets/quijote.txt, 0.00559655, 0.00693275, 0.00708031, 0.00720232, 0.207958, 0.0091656, 0.0810783
datasets/quijote.txt, 0.00555816, 0.00695537, 0.00715463, 0.00719354, 0.209794, 0.00885044, 0.0815861
datasets/quijote.txt, 0.00567005, 0.0067481, 0.00690389, 0.0068609, 0.209462, 0.00913537, 0.0822771
datasets/quijote.txt, 0.0058447, 0.00691211, 0.00699801, 0.00730357, 0.210764, 0.00906202, 0.0830322
datasets/quijote.txt, 0.0054654, 0.00668342, 0.00697747, 0.00721575, 0.207232, 0.00909878, 0.0828599
datasets/quijote.txt, 0.00550047, 0.00675433, 0.00721703, 0.00724682, 0.196861, 0.00897647, 0.0824869
datasets/quijote.txt, 0.00574396, 0.00651486, 0.00694837, 0.00740719, 0.209423, 0.00889428, 0.0828384
datasets/quijote.txt, 0.00560801, 0.00682705, 0.00683775, 0.00720563, 0.207732, 0.00919549, 0.0820184
datasets/quijote.txt, 0.00533869, 0.00649948, 0.00701123, 0.00768475, 0.207515, 0.00919589, 0.0835162
datasets/quijote.txt, 0.00556189, 0.00687201, 0.00692305, 0.00713275, 0.211763, 0.00923019, 0.083277
datasets/quijote.txt, 0.00537516, 0.00679969, 0.00687843, 0.00721038, 0.208968, 0.0092615, 0.0817871
datasets/quijote.txt, 0.00557186, 0.00668686, 0.00679894, 0.00729037, 0.208888, 0.00902641, 0.0824461
datasets/quijote.txt, 0.00550436, 0.0069729, 0.00685118, 0.00700811, 0.207861, 0.00888935, 0.0831358
datasets/quijote.txt, 0.00549636, 0.00703737, 0.00700894, 0.00716108, 0.208538, 0.00896374, 0.0806907
datasets/quijote.txt, 0.00541707, 0.0067391, 0.00706844, 0.00724628, 0.208041, 0.00883248, 0.082282
datasets/quijote.txt, 0.00543676, 0.00661507, 0.00713145, 0.007202, 0.210629, 0.00910201, 0.0822856
datasets/quijote.txt, 0.00562281, 0.00687367, 0.00689996, 0.00695533, 0.208204, 0.00905236, 0.0825015
datasets/quijote.txt, 0.00548619, 0.00692202, 0.00685032, 0.00694087, 0.208772, 0.00894753, 0.0772574
datasets/quijote.txt, 0.00588493, 0.00684753, 0.00704779, 0.00716078, 0.210463, 0.00893924, 0.0825873
datasets/quijote.txt, 0.00548434, 0.00666174, 0.00704347, 0.00713607, 0.208112, 0.00914351, 0.0822919
datasets/quijote.txt, 0.00549375, 0.00683818, 0.0070575, 0.0072877, 0.210477, 0.00911315, 0.0827782
datasets/quijote.txt, 0.00539487, 0.00671977, 0.0068084, 0.00716387, 0.206855, 0.00942665, 0.0825414
datasets/quijote.txt, 0.00573005, 0.00671464, 0.00690612, 0.0071765, 0.199812, 0.00913465, 0.0813793
datasets/quijote.txt, 0.00540481, 0.00667492, 0.0069423, 0.00708171, 0.206391, 0.00926379, 0.0826103
datasets/quijote.txt, 0.00544273, 0.00671292, 0.00695214, 0.00700284, 0.208302, 0.00907303, 0.0821632
datasets/quijote.txt, 0.0055814, 0.00757052, 0.00724828, 0.00716087, 0.207689, 0.00909337, 0.0826719
datasets/quijote.txt, 0.00552512, 0.00670309, 0.00683278, 0.0070332, 0.208405, 0.00898637, 0.0770717
datasets/quijote.txt, 0.00570006, 0.00672852, 0.00701002, 0.00712909, 0.21181, 0.00899686, 0.0837433
datasets/quijote.txt, 0.00574301, 0.00665724, 0.00699861, 0.0070865, 0.208051, 0.00916877, 0.0819033
datasets/quijote.txt, 0.00555564, 0.00651874, 0.00692311, 0.00698786, 0.208304, 0.00927433, 0.0834562
datasets/quijote.txt, 0.00552262, 0.00677054, 0.00701231, 0.00720965, 0.201573, 0.00941951, 0.0822286
datasets/quijote.txt, 0.00542025, 0.00656618, 0.00684899, 0.00696126, 0.205634, 0.00901111, 0.0828505
datasets/quijote.txt, 0.00540765, 0.00653692, 0.0072108, 0.00712005, 0.206648, 0.00897332, 0.0829639
datasets/quijote.txt, 0.00645356, 0.00675187, 0.00705528, 0.00713594, 0.207555, 0.00902684, 0.081775
datasets/quijote.txt, 0.00547946, 0.00666343, 0.0071043, 0.0071141, 0.210141, 0.00915478, 0.0824224
datasets/quijote.txt, 0.00544693, 0.00676898, 0.00675642, 0.00696728, 0.207696, 0.00903781, 0.0828055
datasets/quijote.txt, 0.00547204, 0.00676704, 0.00682445, 0.00707996, 0.206012, 0.00897104, 0.0828603
datasets/quijote.txt, 0.00542517, 0.00658904, 0.00692532, 0.00702728, 0.209662, 0.00913486, 0.0823489
datasets/quijote.txt, 0.00547922, 0.00672761, 0.0071709, 0.00725843, 0.204931, 0.00895326, 0.0827002
datasets/quijote.txt, 0.0054442, 0.00678808, 0.00717021, 0.0071973, 0.20854, 0.00912524, 0.0823176
datasets/quijote.txt, 0.00545729, 0.00666669, 0.00697051, 0.00719913, 0.210441, 0.00908567, 0.083003
datasets/quijote.txt, 0.00556044, 0.00667423, 0.00701109, 0.00721943, 0.207947, 0.00894166, 0.0831844
datasets/quijote.txt, 0.00540047, 0.0066071, 0.00725215, 0.00705626, 0.209169, 0.00899199, 0.0823183
datasets/quijote.txt, 0.00561034, 0.00662481, 0.00695465, 0.00726695, 0.199061, 0.00921719, 0.0812817
datasets/quijote.txt, 0.00547087, 0.00674413, 0.00703615, 0.00708051, 0.209111, 0.00915553, 0.0829703
datasets/quijote.txt, 0.00565704, 0.00667527, 0.00709127, 0.00743414, 0.206868, 0.00893531, 0.0779816
datasets/quijote.txt, 0.00546433, 0.0067034, 0.00703622, 0.00709071, 0.208509, 0.00921466, 0.0835852
datasets/quijote.txt, 0.00559906, 0.00671739, 0.00709211, 0.00711606, 0.205827, 0.00900707, 0.0826488
datasets/quijote.txt, 0.00548337, 0.00699596, 0.00701525, 0.00727802, 0.207353, 0.00939353, 0.0829822
datasets/quijote.txt, 0.00561747, 0.00652676, 0.00695253, 0.0073777, 0.204976, 0.00917572, 0.0832728
datasets/quijote.txt, 0.00556489, 0.00692599, 0.00732412, 0.00708368, 0.206824, 0.00904307, 0.0825595
datasets/quijote.txt, 0.00538698, 0.00674763, 0.0071349, 0.00721282, 0.207677, 0.00914924, 0.0826081
datasets/quijote.txt, 0.00566281, 0.00673367, 0.00726183, 0.00726187, 0.208262, 0.00920141, 0.0824122
datasets/quijote.txt, 0.005483, 0.00670143, 0.00699052, 0.00704108, 0.209118, 0.00911676, 0.0819186
datasets/quijote.txt, 0.00564312, 0.00668512, 0.00718959, 0.00698033, 0.208565, 0.00920235, 0.0832469
datasets/quijote.txt, 0.0054463, 0.00680424, 0.00687087, 0.00719066, 0.207645, 0.00924113, 0.0843788
datasets/quijote.txt, 0.00549306, 0.00695578, 0.00708578, 0.00722147, 0.209866, 0.00893475, 0.0832981
datasets/quijote.txt, 0.00546105, 0.00722345, 0.0072198, 0.00729238, 0.207396, 0.00891315, 0.0829296
datasets/valley-fear.txt, 0.00100071, 0.00121711, 0.00130871, 0.00130517, 0.0364361, 0.00159822, 0.0133099
datasets/valley-fear.txt, 0.00103571, 0.00114807, 0.0012033, 0.00125024, 0.034209, 0.0015645, 0.0132801
datasets/valley-fear.txt, 0.000964264, 0.00117136, 0.00120931, 0.00124693, 0.0348168, 0.00161736, 0.0131804
datasets/valley-fear.txt, 0.00104045, 0.00125748, 0.00127902, 0.00122629, 0.0340678, 0.00152923, 0.0125961
datasets/valley-fear.txt, 0.000934974, 0.00114834, 0.0012354, 0.00123364, 0.0331937, 0.00155986, 0.0130236
datasets/valley-fear.txt, 0.000954364, 0.00118571, 0.00122274, 0.00120574, 0.0344646, 0.00156862, 0.0151672
datasets/valley-fear.txt, 0.000952626, 0.00116467, 0.00121096, 0.00132392, 0.0318493, 0.00155864, 0.0127146
datasets/valley-fear.txt, 0.00121059, 0.00114935, 0.00121338, 0.00125788, 0.0347198, 0.00157235, 0.0131265
datasets/valley-fear.txt, 0.000985816, 0.00119729, 0.00131939, 0.00127126, 0.0347201, 0.00156223, 0.0121626
datasets/valley-fear.txt, 0.000967281, 0.00119419, 0.00123881, 0.00123092, 0.0344155, 0.00154186, 0.0129728
datasets/valley-fear.txt, 0.000957172, 0.0011696, 0.00124255, 0.0012999, 0.0341036, 0.0015351, 0.0136382
datasets/valley-fear.txt, 0.000988848, 0.00121434, 0.00122825, 0.0012728, 0.0345595, 0.00167343, 0.0127135
datasets/valley-fear.txt, 0.00100229, 0.00125132, 0.00128349, 0.00130489, 0.0342071, 0.00154506, 0.0122899
datasets/valley-fear.txt, 0.000959085, 0.00123944, 0.00123224, 0.00123819, 0.0346976, 0.00153507, 0.0128471
datasets/valley-fear.txt, 0.00095313, 0.00116348, 0.00116446, 0.0012304, 0.034014, 0.00158458, 0.0125336
datasets/valley-fear.txt, 0.000997713, 0.00116785, 0.00121079, 0.00123472, 0.0341168, 0.00157879, 0.0121149
datasets/valley-fear.txt, 0.00095663, 0.00117297, 0.00123871, 0.00131184, 0.0344194, 0.0015339, 0.0129675
datasets/valley-fear.txt, 0.000952342, 0.00116273, 0.00118988, 0.00124854, 0.0328519, 0.00163194, 0.0132256
datasets/valley-fear.txt, 0.000948648, 0.00116648, 0.0012161, 0.00122217, 0.0340595, 0.0016482, 0.0119093
datasets/valley-fear.txt, 0.000943876, 0.00114876, 0.00127143, 0.00126158, 0.0337177, 0.00155156, 0.0123457
datasets/valley-fear.txt, 0.000963643, 0.0011844, 0.00120099, 0.00125572, 0.0339775, 0.00162622, 0.0128277
datasets/valley-fear.txt, 0.000990641, 0.00117424, 0.00121069, 0.00124139, 0.0337109, 0.00155734, 0.0136416
datasets/valley-fear.txt, 0.00094072, 0.00112962, 0.00117005, 0.00118988, 0.0319428, 0.00176463, 0.013177
datasets/valley-fear.txt, 0.00104786, 0.00116466, 0.00121441, 0.001229, 0.0327739, 0.00156484, 0.0130243
datasets/valley-fear.txt, 0.000947163, 0.00114889, 0.00116831, 0.00124025, 0.0340235, 0.00157052, 0.0123483
datasets/valley-fear.txt, 0.000932931, 0.00157173, 0.00120516, 0.00168024, 0.0337894, 0.00161247, 0.0133866
datasets/valley-fear.txt, 0.00103972, 0.00118719, 0.00123997, 0.00127806, 0.0343391, 0.00159063, 0.0135763
datasets/valley-fear.txt, 0.00105596, 0.0011748, 0.00119129, 0.00125202, 0.0331808, 0.00159861, 0.0135673
datasets/valley-fear.txt, 0.000953233, 0.00116728, 0.00117011, 0.00120398, 0.0341877, 0.0015693, 0.012883
datasets/valley-fear.txt, 0.000957801, 0.00117016, 0.00119865, 0.00121597, 0.0334298, 0.00156126, 0.0129664
datasets/valley-fear.txt, 0.000948588, 0.00114794, 0.00118483, 0.00122907, 0.0339705, 0.00157293, 0.0127925
datasets/valley-fear.txt, 0.000966139, 0.00120123, 0.00124527, 0.00124833, 0.032829, 0.00159028, 0.0135056
datasets/valley-fear.txt, 0.000983762, 0.0011927, 0.00122123, 0.00127306, 0.0321254, 0.00155843, 0.0129027
datasets/valley-fear.txt, 0.000941066, 0.00115086, 0.00121777, 0.00120692, 0.0321982, 0.00156939, 0.0124355
datasets/valley-fear.txt, 0.000941984, 0.0012002, 0.00121069, 0.00124251, 0.0333109, 0.00166279, 0.013366
datasets/valley-fear.txt, 0.001007, 0.00116746, 0.00120456, 0.00125079, 0.0312713, 0.00155632, 0.0129106
datasets/valley-fear.txt, 0.00104559, 0.00118815, 0.00122234, 0.00121847, 0.0334714, 0.00152765, 0.0132876
datasets/valley-fear.txt, 0.00102539, 0.00116701, 0.0012216, 0.00123282, 0.0343023, 0.00163587, 0.0124151
datasets/valley-fear.txt, 0.000949506, 0.00116506, 0.00119864, 0.00127633, 0.0341892, 0.0015714, 0.0130523
datasets/valley-fear.txt, 0.000943111, 0.00121491, 0.00129325, 0.00128882, 0.0326231, 0.00156851, 0.0130412
datasets/valley-fear.txt, 0.000952716, 0.00117005, 0.00121016, 0.00123313, 0.0329946, 0.00154576, 0.0133945
datasets/valley-fear.txt, 0.000958394, 0.00115747, 0.00129235, 0.00122915, 0.0344566, 0.00155298, 0.0130738
datasets/valley-fear.txt, 0.00104582, 0.00118153, 0.00123667, 0.00125044, 0.0337467, 0.00156079, 0.0129077
datasets/valley-fear.txt, 0.000958075, 0.00115425, 0.00123351, 0.00121432, 0.0336532, 0.00154484, 0.0129391
datasets/valley-fear.txt, 0.000957669, 0.00113372, 0.00121508, 0.00122448, 0.0330828, 0.00158764, 0.0130218
datasets/valley-fear.txt, 0.000940493, 0.00114477, 0.0012125, 0.00123414, 0.0339801, 0.00157562, 0.0131606
datasets/valley-fear.txt, 0.000961184, 0.00125817, 0.00130216, 0.00125139, 0.0331682, 0.00153225, 0.0132536
datasets/valley-fear.txt, 0.000947978, 0.00119192, 0.00122128, 0.00126457, 0.0343573, 0.00154584, 0.0132441
datasets/valley-fear.txt, 0.000977092, 0.00116171, 0.00122372, 0.00123416, 0.0339954, 0.00152991, 0.0130472
datasets/valley-fear.txt, 0.000953387, 0.00118061, 0.00121, 0.00123813, 0.0339055, 0.00156012, 0.0132078
datasets/valley-fear.txt, 0.000934272, 0.00116509, 0.00121319, 0.00124648, 0.0335014, 0.00155604, 0.0135798
datasets/valley-fear.txt, 0.000999482, 0.00123701, 0.00132821, 0.00131832, 0.0342502, 0.00158375, 0.0127073
datasets/valley-fear.txt, 0.000948944, 0.00117501, 0.00122376, 0.00122101, 0.0344641, 0.00155372, 0.0116687
datasets/valley-fear.txt, 0.00103461, 0.00114416, 0.00120142, 0.00120038, 0.0348449, 0.00157622, 0.0126798
datasets/valley-fear.txt, 0.00104032, 0.00118077, 0.0011959, 0.00122161, 0.0350139, 0.00159097, 0.0129035
datasets/valley-fear.txt, 0.000957177, 0.00117763, 0.00122213, 0.00125084, 0.0326036, 0.0017113, 0.0135676
datasets/valley-fear.txt, 0.00104426, 0.00117139, 0.00120292, 0.00121685, 0.0348001, 0.00153633, 0.012852
datasets/valley-fear.txt, 0.000957203, 0.00117199, 0.0012128, 0.00124384, 0.0334365, 0.00155292, 0.0128132
datasets/valley-fear.txt, 0.000966122, 0.00113167, 0.00119406, 0.00124686, 0.0326166, 0.0015584, 0.0131026
datasets/valley-fear.txt, 0.000980321, 0.00116742, 0.00119745, 0.00124493, 0.0324601, 0.00154465, 0.0131063
datasets/valley-fear.txt, 0.000971609, 0.00115288, 0.00120239, 0.00122768, 0.0328124, 0.00156293, 0.0136008
datasets/valley-fear.txt, 0.000954321, 0.00115755, 0.00120936, 0.00135413, 0.0304478, 0.00162481, 0.0134326
datasets/valley-fear.txt, 0.000956789, 0.00126847, 0.00126475, 0.00124122, 0.0345903, 0.00157066, 0.0133151
datasets/valley-fear.txt, 0.000972027, 0.00119939, 0.00129861, 0.00129444, 0.0340238, 0.00155528, 0.0124034
datasets/valley-fear.txt, 0.000966435, 0.00114465, 0.00121846, 0.00126798, 0.0338856, 0.00155424, 0.0131481
datasets/valley-fear.txt, 0.000979605, 0.00115641, 0.00119982, 0.00120749, 0.0341494, 0.00162214, 0.0133869
datasets/valley-fear.txt, 0.000972598, 0.00117498, 0.00125048, 0.00126549, 0.0343684, 0.00156288, 0.0130361
datasets/valley-fear.txt, 0.000970874, 0.0011542, 0.00121267, 0.00137576, 0.0327757, 0.00158415, 0.0134681
datasets/valley-fear.txt, 0.000951233, 0.00117685, 0.00121448, 0.00122297, 0.0339885, 0.00159767, 0.0130874
datasets/valley-fear.txt, 0.00095162, 0.0012465, 0.00122887, 0.00123691, 0.0344545, 0.00157538, 0.0135771
datasets/valley-fear.txt, 0.000979294, 0.00118011, 0.00124841, 0.00127375, 0.0343402, 0.00155865, 0.0130842
datasets/valley-fear.txt, 0.000945745, 0.00117693, 0.00121991, 0.00126022, 0.0344052, 0.00156719, 0.0123677
datasets/valley-fear.txt, 0.000952561, 0.00118828, 0.00117406, 0.00132492, 0.0349034, 0.00155072, 0.0126388
datasets/valley-fear.txt, 0.000980791, 0.00120465, 0.0012305, 0.00125414, 0.033565, 0.00153893, 0.0135896
datasets/valley-fear.txt, 0.000950549, 0.00117197, 0.0011865, 0.00143427, 0.0330477, 0.00153434, 0.013198
datasets/valley-fear.txt, 0.000977543, 0.00121531, 0.00120042, 0.00122748, 0.0315344, 0.00158769, 0.0129716
datasets/valley-fear.txt, 0.000956113, 0.00115637, 0.00120424, 0.0012425, 0.0318769, 0.00161319, 0.0132923
datasets/valley-fear.txt, 0.00106601, 0.00116937, 0.00118887, 0.00122471, 0.0337894, 0.00153582, 0.013129
datasets/valley-fear.txt, 0.00095252, 0.00118174, 0.00119689, 0.00124935, 0.0347531, 0.00157906, 0.0119145
datasets/valley-fear.txt, 0.00097844, 0.00116134, 0.00127156, 0.0012731, 0.0340682, 0.00160658, 0.0124064
datasets/valley-fear.txt, 0.000955267, 0.00114983, 0.00123165, 0.00128591, 0.0318038, 0.00155749, 0.0128481
datasets/valley-fear.txt, 0.000949911, 0.00113553, 0.00120102, 0.00124272, 0.0342067, 0.00153785, 0.0132244
datasets/valley-fear.txt, 0.000974728, 0.00118093, 0.00129415, 0.00130019, 0.0351041, 0.00158527, 0.0128495
datasets/valley-fear.txt, 0.000965519, 0.00120977, 0.00121157, 0.00125373, 0.0333704, 0.00154813, 0.0130591
datasets/valley-fear.txt, 0.000967855, 0.00115602, 0.00125917, 0.00122681, 0.0349699, 0.00170284, 0.0123939
datasets/valley-fear.txt, 0.00104321, 0.00118372, 0.00125638, 0.00131975, 0.0343196, 0.00163028, 0.0131841
datasets/valley-fear.txt, 0.00096929, 0.00118407, 0.0012087, 0.00124407, 0.0344672, 0.00159777, 0.0121894
datasets/valley-fear.txt, 0.000950485, 0.00126535, 0.00128081, 0.00122036, 0.0332721, 0.00157816, 0.0135076
datasets/valley-fear.txt, 0.000941459, 0.00113125, 0.00118974, 0.00121509, 0.0341715, 0.00152963, 0.0136323
datasets/valley-fear.txt, 0.00095633, 0.0011782, 0.00122196, 0.00144164, 0.0339566, 0.00159293, 0.013061
datasets/valley-fear.txt, 0.00100367, 0.00119305, 0.00122593, 0.00125622, 0.0336937, 0.00156959, 0.0131105
datasets/valley-fear.txt, 0.000935989, 0.00116138, 0.00120324, 0.00122559, 0.0340801, 0.0015851, 0.0120017
datasets/valley-fear.txt, 0.00102946, 0.00123604, 0.00127522, 0.00124891, 0.0331541, 0.00155274, 0.0129883
datasets/valley-fear.txt, 0.00107326, 0.00123373, 0.00126753, 0.00131219, 0.0321812, 0.00153597, 0.0132705
datasets/valley-fear.txt, 0.000981151, 0.0011849, 0.00123438, 0.00122706, 0.0327897, 0.00154319, 0.0135398
datasets/valley-fear.txt, 0.00105469, 0.00115028, 0.00123816, 0.00124084, 0.0326834, 0.00155376, 0.0128093
datasets/valley-fear.txt, 0.000974424, 0.00118975, 0.00128183, 0.00123561, 0.0333001, 0.00156613, 0.0127981
datasets/valley-fear.txt, 0.000958221, 0.00115157, 0.00119066, 0.00121715, 0.0346854, 0.00156558, 0.0134357
datasets/valley-fear.txt, 0.000986282, 0.00114076, 0.00120527, 0.0012313, 0.0331216, 0.00160863, 0.0131199
datasets/valley-fear.txt, 0.000956243, 0.00115719, 0.00124465, 0.0012937, 0.0329415, 0.00155975, 0.0133006
datasets/war-peace.txt, 0.00954759, 0.0125801, 0.0120304, 0.0124283, 0.353676, 0.0153478, 0.138576
datasets/war-peace.txt, 0.00940985, 0.0114733, 0.0123045, 0.0128606, 0.358666, 0.0150597, 0.143591
datasets/war-peace.txt, 0.00936695, 0.0121789, 0.0121096, 0.012432, 0.355351, 0.0157024, 0.144849
datasets/war-peace.txt, 0.00945696, 0.0116464, 0.0117545, 0.0119344, 0.358613, 0.0152525, 0.143208
datasets/war-peace.txt, 0.0095692, 0.0114216, 0.0118804, 0.0120789, 0.357084, 0.0154439, 0.142029
datasets/war-peace.txt, 0.00960426, 0.0117215, 0.0119576, 0.0119933, 0.357959, 0.0155963, 0.141336
datasets/war-peace.txt, 0.00983338, 0.0114249, 0.0119879, 0.0120597, 0.359569, 0.0159464, 0.142458
datasets/war-peace.txt, 0.00930827, 0.0115044, 0.0120949, 0.0120025, 0.346185, 0.015381, 0.144074
datasets/war-peace.txt, 0.00937202, 0.0113859, 0.0125385, 0.0128352, 0.358725, 0.0155564, 0.142547
datasets/war-peace.txt, 0.0096351, 0.011467, 0.01228, 0.0125188, 0.352944, 0.0156415, 0.143008
datasets/war-peace.txt, 0.0096726, 0.0118001, 0.0122844, 0.0121913, 0.33695, 0.0151924, 0.145653
datasets/war-peace.txt, 0.00956454, 0.0113583, 0.0121005, 0.0121457, 0.358235, 0.016092, 0.142473
datasets/war-peace.txt, 0.00938871, 0.0115876, 0.0119979, 0.0124024, 0.354057, 0.0156849, 0.142712
datasets/war-peace.txt, 0.00943773, 0.0114813, 0.011811, 0.0121991, 0.357147, 0.0161015, 0.134416
datasets/war-peace.txt, 0.00951304, 0.0115855, 0.0121343, 0.0122462, 0.355946, 0.0156913, 0.142095
datasets/war-peace.txt, 0.0103529, 0.0116674, 0.0128978, 0.0124549, 0.354474, 0.0156129, 0.141216
datasets/war-peace.txt, 0.0094871, 0.0116345, 0.0124402, 0.0121236, 0.366038, 0.015854, 0.143654
datasets/war-peace.txt, 0.0102148, 0.0113955, 0.0120078, 0.0124715, 0.36039, 0.015648, 0.141687
datasets/war-peace.txt, 0.00946148, 0.0116705, 0.0120464, 0.012625, 0.359406, 0.0151321, 0.140675
datasets/war-peace.txt, 0.00978286, 0.0115176, 0.0124722, 0.0126895, 0.356058, 0.015398, 0.143434
datasets/war-peace.txt, 0.0095884, 0.0118298, 0.0130856, 0.0122712, 0.359288, 0.015521, 0.143857
datasets/war-peace.txt, 0.0095477, 0.0116949, 0.0122996, 0.0121198, 0.356045, 0.0161751, 0.143
datasets/war-peace.txt, 0.00940284, 0.0115039, 0.0119042, 0.0121767, 0.355502, 0.0155178, 0.142059
datasets/war-peace.txt, 0.00948176, 0.0117437, 0.0123009, 0.0123615, 0.361588, 0.015616, 0.142061
datasets/war-peace.txt, 0.00985879, 0.0115848, 0.0119037, 0.0122757, 0.352152, 0.0154088, 0.141475
datasets/war-peace.txt, 0.0100754, 0.0113791, 0.0118532, 0.0123974, 0.365597, 0.0159504, 0.144869
datasets/war-peace.txt, 0.00949477, 0.0117377, 0.012306, 0.012336, 0.353939, 0.0154703, 0.143601
datasets/war-peace.txt, 0.00954837, 0.0114412, 0.0120533, 0.0125087, 0.349712, 0.0153557, 0.137549
datasets/war-peace.txt, 0.00967023, 0.0115883, 0.0123468, 0.0121943, 0.357988, 0.0154775, 0.14771
datasets/war-peace.txt, 0.00937716, 0.0117148, 0.0123539, 0.0128667, 0.359586, 0.0153023, 0.140615
datasets/war-peace.txt, 0.00926569, 0.0116697, 0.0124031, 0.0125778, 0.358524, 0.0156615, 0.142148
datasets/war-peace.txt, 0.0094041, 0.0115295, 0.0119385, 0.012234, 0.35738, 0.0152954, 0.131837
datasets/war-peace.txt, 0.00941236, 0.011563, 0.0123676, 0.0123928, 0.358206, 0.0153845, 0.137569
datasets/war-peace.txt, 0.00988096, 0.0117133, 0.0124672, 0.0123189, 0.354048, 0.0151159, 0.142561
datasets/war-peace.txt, 0.00949835, 0.0119518, 0.0116964, 0.0120979, 0.345157, 0.0154342, 0.150255
datasets/war-peace.txt, 0.00955966, 0.0114649, 0.0120324, 0.0123948, 0.349996, 0.0154315, 0.142517
datasets/war-peace.txt, 0.00962063, 0.0117837, 0.0121013, 0.0121718, 0.34735, 0.0153275, 0.143038
datasets/war-peace.txt, 0.00962128, 0.0113393, 0.0121194, 0.0125928, 0.357877, 0.0152131, 0.14305
datasets/war-peace.txt, 0.00988115, 0.0120681, 0.0121859, 0.0126616, 0.356701, 0.0151183, 0.143401
datasets/war-peace.txt, 0.00935267, 0.0115052, 0.0119662, 0.0120985, 0.352066, 0.0155312, 0.142255
datasets/war-peace.txt, 0.00980115, 0.0118142, 0.0120264, 0.0122216, 0.359491, 0.0151108, 0.142056
datasets/war-peace.txt, 0.00955001, 0.011566, 0.0120127, 0.0123127, 0.357305, 0.0154939, 0.14121
datasets/war-peace.txt, 0.00949526, 0.0119487, 0.0120614, 0.0123303, 0.353124, 0.0155633, 0.141923
datasets/war-peace.txt, 0.00968691, 0.0115251, 0.0121733, 0.0122933, 0.355429, 0.0153079, 0.144158
datasets/war-peace.txt, 0.00958929, 0.011934, 0.0123027, 0.0123373, 0.355164, 0.0156445, 0.144262
datasets/war-peace.txt, 0.00979484, 0.0113526, 0.0121605, 0.0124491, 0.344382, 0.0156615, 0.142806
datasets/war-peace.txt, 0.00950729, 0.0114291, 0.0119245, 0.0122535, 0.356335, 0.0157055, 0.141074
datasets/war-peace.txt, 0.00975444, 0.0119673, 0.0121723, 0.012337, 0.358573, 0.0150838, 0.14122
datasets/war-peace.txt, 0.00952489, 0.0115635, 0.0121776, 0.0123972, 0.354543, 0.0153645, 0.140899
datasets/war-peace.txt, 0.00949058, 0.0114951, 0.0117739, 0.01229, 0.359902, 0.0154574, 0.139941
datasets/war-peace.txt, 0.00936917, 0.0116085, 0.0121517, 0.0121689, 0.357196, 0.0151894, 0.138717
datasets/war-peace.txt, 0.00944951, 0.011824, 0.012153, 0.0124154, 0.359459, 0.0153368, 0.143778
datasets/war-peace.txt, 0.00977785, 0.0118259, 0.0117176, 0.0124358, 0.350033, 0.0152685, 0.142111
datasets/war-peace.txt, 0.00965327, 0.0127651, 0.0131998, 0.0129186, 0.357731, 0.0155506, 0.13856
datasets/war-peace.txt, 0.00934142, 0.0113845, 0.0119956, 0.0122082, 0.357966, 0.015321, 0.142376
datasets/war-peace.txt, 0.00959108, 0.0117799, 0.0122104, 0.0131756, 0.355692, 0.0154148, 0.142149
datasets/war-peace.txt, 0.00961308, 0.0119708, 0.0124155, 0.0123077, 0.344778, 0.0155881, 0.132618
datasets/war-peace.txt, 0.00957673, 0.0114615, 0.0131592, 0.0125437, 0.329528, 0.0156419, 0.142206
datasets/war-peace.txt, 0.00955967, 0.011574, 0.0122359, 0.0125941, 0.357713, 0.0155771, 0.143253
datasets/war-peace.txt, 0.0092734, 0.0113398, 0.01183, 0.0119426, 0.35596, 0.015689, 0.14119
datasets/war-peace.txt, 0.00962833, 0.0117548, 0.0118591, 0.0122793, 0.354777, 0.0153594, 0.144885
datasets/war-peace.txt, 0.00967253, 0.0116516, 0.0122229, 0.0121831, 0.350019, 0.0150983, 0.143914
datasets/war-peace.txt, 0.00957234, 0.0117476, 0.0124375, 0.0124466, 0.357243, 0.0154415, 0.142178
datasets/war-peace.txt, 0.00935189, 0.0115373, 0.0117377, 0.0124984, 0.359408, 0.0156842, 0.142764
datasets/war-peace.txt, 0.00967377, 0.0115987, 0.012094, 0.0126586, 0.353307, 0.0152526, 0.142609
datasets/war-peace.txt, 0.00937848, 0.0114255, 0.0117016, 0.0120932, 0.359021, 0.015896, 0.143115
datasets/war-peace.txt, 0.00938957, 0.0114392, 0.0117795, 0.0119192, 0.359123, 0.0155703, 0.142012
datasets/war-peace.txt, 0.0094377, 0.0115047, 0.0118406, 0.0123057, 0.356865, 0.0155091, 0.1424
datasets/war-peace.txt, 0.00937769, 0.0114267, 0.0121417, 0.0122416, 0.353288, 0.0154696, 0.140801
datasets/war-peace.txt, 0.00957396, 0.0113203, 0.0120356, 0.0123514, 0.359713, 0.0153356, 0.140643
datasets/war-peace.txt, 0.0096722, 0.0117988, 0.0121033, 0.012505, 0.345093, 0.0152125, 0.144835
datasets/war-peace.txt, 0.00938095, 0.0118772, 0.0125645, 0.012332, 0.365006, 0.0153999, 0.135982
datasets/war-peace.txt, 0.00950359, 0.0114382, 0.0119478, 0.0123997, 0.353502, 0.0153786, 0.141136
datasets/war-peace.txt, 0.00948676, 0.011401, 0.0119291, 0.0119667, 0.35494, 0.015397, 0.142376
datasets/war-peace.txt, 0.00941986, 0.0117992, 0.0124426, 0.0123322, 0.360042, 0.0152391, 0.141403
datasets/war-peace.txt, 0.0101126, 0.0120965, 0.0119152, 0.0127038, 0.355193, 0.015354, 0.13876
datasets/war-peace.txt, 0.00962356, 0.0116684, 0.0124243, 0.0120047, 0.356904, 0.0154047, 0.143327
datasets/war-peace.txt, 0.00972589, 0.0118585, 0.0118222, 0.0120622, 0.356286, 0.0156219, 0.143852
datasets/war-peace.txt, 0.00955496, 0.0114087, 0.0120624, 0.0122283, 0.336735, 0.0156306, 0.141533
datasets/war-peace.txt, 0.00957846, 0.0114705, 0.0118484, 0.01204, 0.351561, 0.0155374, 0.145098
datasets/war-peace.txt, 0.00969032, 0.011505, 0.0118818, 0.012344, 0.355016, 0.0156309, 0.142728
datasets/war-peace.txt, 0.00949138, 0.0114527, 0.01174, 0.0121074, 0.328547, 0.0156949, 0.141876
datasets/war-peace.txt, 0.00957586, 0.0118455, 0.0120318, 0.0120679, 0.3569, 0.0154149, 0.14254
datasets/war-peace.txt, 0.00943586, 0.0118804, 0.0120501, 0.0122845, 0.354897, 0.0155051, 0.136659
datasets/war-peace.txt, 0.00958182, 0.0113471, 0.011969, 0.0122784, 0.330735, 0.0151964, 0.138224
datasets/war-peace.txt, 0.00957252, 0.0115946, 0.0118055, 0.0124496, 0.360652, 0.0154822, 0.142548
datasets/war-peace.txt, 0.00963607, 0.011597, 0.0118135, 0.0123586, 0.349355, 0.0152468, 0.14133
datasets/war-peace.txt, 0.00948456, 0.0120663, 0.012809, 0.0125451, 0.358949, 0.0155358, 0.143079
datasets/war-peace.txt, 0.0094431, 0.0115997, 0.0124481, 0.0122464, 0.35936, 0.0154201, 0.142304
datasets/war-peace.txt, 0.00965134, 0.0114908, 0.0122792, 0.0122848, 0.35737, 0.0184404, 0.137946
datasets/war-peace.txt, 0.00982606, 0.011529, 0.0123057, 0.0124529, 0.338254, 0.0153653, 0.140761
datasets/war-peace.txt, 0.00959837, 0.0113671, 0.0120304, 0.0120919, 0.350979, 0.0152845, 0.144497
datasets/war-peace.txt, 0.00987681, 0.0115898, 0.0120627, 0.0124669, 0.356265, 0.0153839, 0.142365
datasets/war-peace.txt, 0.00952694, 0.0116257, 0.0122268, 0.0124711, 0.353951, 0.0158226, 0.142221
datasets/war-peace.txt, 0.0095161, 0.011414, 0.0118685, 0.0122892, 0.336082, 0.0156469, 0.134883
datasets/war-peace.txt, 0.00954708, 0.0118522, 0.01221, 0.0123626, 0.3488, 0.0155875, 0.143084
datasets/war-peace.txt, 0.00942101, 0.0121352, 0.0120328, 0.012559, 0.354443, 0.0150807, 0.143679
datasets/war-peace.txt, 0.0101127, 0.0118401, 0.0122588, 0.0123773, 0.35446, 0.0151946, 0.140811
datasets/war-peace.txt, 0.00968288, 0.012162, 0.0120357, 0.0119235, 0.358933, 0.0151929, 0.146003
datasets/war-peace.txt, 0.0095731, 0.0117829, 0.0120187, 0.012267, 0.338832, 0.0157919, 0.142709
